/*
 Navicat Premium Data Transfer

 Source Server         : localhost
 Source Server Type    : MySQL
 Source Server Version : 100411
 Source Host           : localhost:3306
 Source Schema         : monitoring

 Target Server Type    : MySQL
 Target Server Version : 100411
 File Encoding         : 65001

 Date: 29/08/2021 10:23:50
*/

SET NAMES utf8mb4;
SET FOREIGN_KEY_CHECKS = 0;

-- ----------------------------
-- Table structure for ci_sessions
-- ----------------------------
DROP TABLE IF EXISTS `ci_sessions`;
CREATE TABLE `ci_sessions`  (
  `id` varchar(40) CHARACTER SET utf8mb4 COLLATE utf8mb4_general_ci NOT NULL,
  `ip_address` varchar(45) CHARACTER SET utf8mb4 COLLATE utf8mb4_general_ci NOT NULL,
  `timestamp` int UNSIGNED NOT NULL DEFAULT 0,
  `data` blob NOT NULL
) ENGINE = InnoDB CHARACTER SET = utf8mb4 COLLATE = utf8mb4_general_ci ROW_FORMAT = Dynamic;

-- ----------------------------
-- Records of ci_sessions
-- ----------------------------
INSERT INTO `ci_sessions` VALUES ('00ae158ebf66b139df0179e4403b59452646b099', '::1', 1505795039, 0x5F5F63695F6C6173745F726567656E65726174657C693A313530353739343835343B6964656E746974797C733A31353A2261646D696E4061646D696E2E636F6D223B656D61696C7C733A31353A2261646D696E4061646D696E2E636F6D223B757365725F69647C733A313A2231223B6F6C645F6C6173745F6C6F67696E7C733A31303A2231353035373032303134223B);
INSERT INTO `ci_sessions` VALUES ('0e04368bde44b16bb52900a35798f06065f87f92', '::1', 1505795720, 0x5F5F63695F6C6173745F726567656E65726174657C693A313530353739353639383B6964656E746974797C733A31353A2261646D696E4061646D696E2E636F6D223B656D61696C7C733A31353A2261646D696E4061646D696E2E636F6D223B757365725F69647C733A313A2231223B6F6C645F6C6173745F6C6F67696E7C733A31303A2231353035373032303134223B);
INSERT INTO `ci_sessions` VALUES ('547a939441cb3a9468e2d81ac8281de010181ce3', '::1', 1505796698, 0x5F5F63695F6C6173745F726567656E65726174657C693A313530353739363639343B6964656E746974797C733A31353A2261646D696E4061646D696E2E636F6D223B656D61696C7C733A31353A2261646D696E4061646D696E2E636F6D223B757365725F69647C733A313A2231223B6F6C645F6C6173745F6C6F67696E7C733A31303A2231353035373934383537223B6D6573736167657C733A35333A223C7020636C6173733D22746578742D6C696768742D626C7565223E4C6F6767656420496E205375636365737366756C6C793C2F703E223B5F5F63695F766172737C613A313A7B733A373A226D657373616765223B733A333A226F6C64223B7D);
INSERT INTO `ci_sessions` VALUES ('29cae96a80c6eba7c94bfad9e724d0c84d8b623d', '::1', 1505806351, 0x5F5F63695F6C6173745F726567656E65726174657C693A313530353830363333313B6964656E746974797C733A31353A2261646D696E4061646D696E2E636F6D223B656D61696C7C733A31353A2261646D696E4061646D696E2E636F6D223B757365725F69647C733A313A2231223B6F6C645F6C6173745F6C6F67696E7C733A31303A2231353035373936363937223B);
INSERT INTO `ci_sessions` VALUES ('070ff07935ce58bc3b262b390cc905f473344d62', '::1', 1505815102, 0x5F5F63695F6C6173745F726567656E65726174657C693A313530353831353039393B6964656E746974797C733A31353A2261646D696E4061646D696E2E636F6D223B656D61696C7C733A31353A2261646D696E4061646D696E2E636F6D223B757365725F69647C733A313A2231223B6F6C645F6C6173745F6C6F67696E7C733A31303A2231353035383036333333223B);
INSERT INTO `ci_sessions` VALUES ('6e8a50928284763deb631c99cadb69cb9795e439', '::1', 1505815385, 0x5F5F63695F6C6173745F726567656E65726174657C693A313530353831353130393B6964656E746974797C733A31353A2261646D696E4061646D696E2E636F6D223B656D61696C7C733A31353A2261646D696E4061646D696E2E636F6D223B757365725F69647C733A313A2231223B6F6C645F6C6173745F6C6F67696E7C733A31303A2231353035383135313031223B);
INSERT INTO `ci_sessions` VALUES ('833f6aa7d934c4d4cb8271a48e706d955607669f', '::1', 1505815226, 0x5F5F63695F6C6173745F726567656E65726174657C693A313530353831353232343B6964656E746974797C733A31353A2261646D696E4061646D696E2E636F6D223B656D61696C7C733A31353A2261646D696E4061646D696E2E636F6D223B757365725F69647C733A313A2231223B6F6C645F6C6173745F6C6F67696E7C733A31303A2231353035383135313134223B6D6573736167657C733A35333A223C7020636C6173733D22746578742D6C696768742D626C7565223E4C6F6767656420496E205375636365737366756C6C793C2F703E223B5F5F63695F766172737C613A313A7B733A373A226D657373616765223B733A333A226F6C64223B7D);
INSERT INTO `ci_sessions` VALUES ('51fca78a3acc15aa6765ef0d0c914eb2bbfd0761', '::1', 1505815642, 0x5F5F63695F6C6173745F726567656E65726174657C693A313530353831353437303B6964656E746974797C733A31353A2261646D696E4061646D696E2E636F6D223B656D61696C7C733A31353A2261646D696E4061646D696E2E636F6D223B757365725F69647C733A313A2231223B6F6C645F6C6173745F6C6F67696E7C733A31303A2231353035383135313031223B);
INSERT INTO `ci_sessions` VALUES ('fdc1fbf54838ae4433b09d8191e5c7066a8893a6', '::1', 1505816311, 0x5F5F63695F6C6173745F726567656E65726174657C693A313530353831363031303B6964656E746974797C733A31353A2261646D696E4061646D696E2E636F6D223B656D61696C7C733A31353A2261646D696E4061646D696E2E636F6D223B757365725F69647C733A313A2231223B6F6C645F6C6173745F6C6F67696E7C733A31303A2231353035383135313031223B);
INSERT INTO `ci_sessions` VALUES ('bb9872a4243fc706772fc9690f70a642b7fd2327', '::1', 1505816828, 0x5F5F63695F6C6173745F726567656E65726174657C693A313530353831363632373B6964656E746974797C733A31353A2261646D696E4061646D696E2E636F6D223B656D61696C7C733A31353A2261646D696E4061646D696E2E636F6D223B757365725F69647C733A313A2231223B6F6C645F6C6173745F6C6F67696E7C733A31303A2231353035383135313031223B);
INSERT INTO `ci_sessions` VALUES ('0fd289b6677f4087e82466b6b89fda962bcdb1a0', '::1', 1505817269, 0x5F5F63695F6C6173745F726567656E65726174657C693A313530353831373136303B6964656E746974797C733A31353A2261646D696E4061646D696E2E636F6D223B656D61696C7C733A31353A2261646D696E4061646D696E2E636F6D223B757365725F69647C733A313A2231223B6F6C645F6C6173745F6C6F67696E7C733A31303A2231353035383135313031223B);
INSERT INTO `ci_sessions` VALUES ('04b9f71886942d98c88ebdc638889cbb53ef107f', '::1', 1505817779, 0x5F5F63695F6C6173745F726567656E65726174657C693A313530353831373538313B6964656E746974797C733A31353A2261646D696E4061646D696E2E636F6D223B656D61696C7C733A31353A2261646D696E4061646D696E2E636F6D223B757365725F69647C733A313A2231223B6F6C645F6C6173745F6C6F67696E7C733A31303A2231353035383135313031223B);
INSERT INTO `ci_sessions` VALUES ('8a52c28004987c31a32df3c8a6d998b0cc208805', '::1', 1505818223, 0x5F5F63695F6C6173745F726567656E65726174657C693A313530353831373932353B6964656E746974797C733A31353A2261646D696E4061646D696E2E636F6D223B656D61696C7C733A31353A2261646D696E4061646D696E2E636F6D223B757365725F69647C733A313A2231223B6F6C645F6C6173745F6C6F67696E7C733A31303A2231353035383135313031223B);
INSERT INTO `ci_sessions` VALUES ('aefb9d816e4909d13b085b5375a8ad40529e7820', '::1', 1505818520, 0x5F5F63695F6C6173745F726567656E65726174657C693A313530353831383233353B6964656E746974797C733A31353A2261646D696E4061646D696E2E636F6D223B656D61696C7C733A31353A2261646D696E4061646D696E2E636F6D223B757365725F69647C733A313A2231223B6F6C645F6C6173745F6C6F67696E7C733A31303A2231353035383135313031223B);
INSERT INTO `ci_sessions` VALUES ('ea1b7446e1f600cf4c4571cdc777cd900accd9a2', '::1', 1505818882, 0x5F5F63695F6C6173745F726567656E65726174657C693A313530353831383539313B6964656E746974797C733A31353A2261646D696E4061646D696E2E636F6D223B656D61696C7C733A31353A2261646D696E4061646D696E2E636F6D223B757365725F69647C733A313A2231223B6F6C645F6C6173745F6C6F67696E7C733A31303A2231353035383135313031223B);
INSERT INTO `ci_sessions` VALUES ('66606bb87d6e472a1c40e7510382906efdbb2f9f', '::1', 1505819015, 0x5F5F63695F6C6173745F726567656E65726174657C693A313530353831383930353B6964656E746974797C733A31353A2261646D696E4061646D696E2E636F6D223B656D61696C7C733A31353A2261646D696E4061646D696E2E636F6D223B757365725F69647C733A313A2231223B6F6C645F6C6173745F6C6F67696E7C733A31303A2231353035383135313031223B);
INSERT INTO `ci_sessions` VALUES ('b2f7d5477a45bc424914bc88688da66b56b9ec69', '::1', 1505876912, 0x5F5F63695F6C6173745F726567656E65726174657C693A313530353837363639393B6964656E746974797C733A31353A2261646D696E4061646D696E2E636F6D223B656D61696C7C733A31353A2261646D696E4061646D696E2E636F6D223B757365725F69647C733A313A2231223B6F6C645F6C6173745F6C6F67696E7C733A31303A2231353035383135323236223B);
INSERT INTO `ci_sessions` VALUES ('728c4a3c74c19c53c8b93669a5f63b32bb1fa37e', '::1', 1505877370, 0x5F5F63695F6C6173745F726567656E65726174657C693A313530353837373038343B6964656E746974797C733A31353A2261646D696E4061646D696E2E636F6D223B656D61696C7C733A31353A2261646D696E4061646D696E2E636F6D223B757365725F69647C733A313A2231223B6F6C645F6C6173745F6C6F67696E7C733A31303A2231353035383135323236223B);
INSERT INTO `ci_sessions` VALUES ('ed5a161d19d38cc0c6511ce116b09388ece077c6', '::1', 1505877678, 0x5F5F63695F6C6173745F726567656E65726174657C693A313530353837373339303B6964656E746974797C733A31353A2261646D696E4061646D696E2E636F6D223B656D61696C7C733A31353A2261646D696E4061646D696E2E636F6D223B757365725F69647C733A313A2231223B6F6C645F6C6173745F6C6F67696E7C733A31303A2231353035383135323236223B);
INSERT INTO `ci_sessions` VALUES ('6caed9272347940cb1d498f69beddd4d4e909d27', '::1', 1505877849, 0x5F5F63695F6C6173745F726567656E65726174657C693A313530353837373639313B6964656E746974797C733A31353A2261646D696E4061646D696E2E636F6D223B656D61696C7C733A31353A2261646D696E4061646D696E2E636F6D223B757365725F69647C733A313A2231223B6F6C645F6C6173745F6C6F67696E7C733A31303A2231353035383135323236223B);
INSERT INTO `ci_sessions` VALUES ('acadac87b9efb73bf508d0a40492e2c278a0c05c', '::1', 1505878515, 0x5F5F63695F6C6173745F726567656E65726174657C693A313530353837383531343B6964656E746974797C733A31353A2261646D696E4061646D696E2E636F6D223B656D61696C7C733A31353A2261646D696E4061646D696E2E636F6D223B757365725F69647C733A313A2231223B6F6C645F6C6173745F6C6F67696E7C733A31303A2231353035383135323236223B);
INSERT INTO `ci_sessions` VALUES ('af28662f9b84104528e17011802bbf743e690460', '::1', 1505878885, 0x5F5F63695F6C6173745F726567656E65726174657C693A313530353837383838353B6964656E746974797C733A31353A2261646D696E4061646D696E2E636F6D223B656D61696C7C733A31353A2261646D696E4061646D696E2E636F6D223B757365725F69647C733A313A2231223B6F6C645F6C6173745F6C6F67696E7C733A31303A2231353035383135323236223B);
INSERT INTO `ci_sessions` VALUES ('9e56ddacab956c40a050a48b955fbee5fbb659e9', '::1', 1505896638, 0x5F5F63695F6C6173745F726567656E65726174657C693A313530353839363539393B6964656E746974797C733A31353A2261646D696E4061646D696E2E636F6D223B656D61696C7C733A31353A2261646D696E4061646D696E2E636F6D223B757365725F69647C733A313A2231223B6F6C645F6C6173745F6C6F67696E7C733A31303A2231353035383736373033223B);
INSERT INTO `ci_sessions` VALUES ('38dd303f6001f670ff9c1e3e06e08483cf699dca', '::1', 1505901806, 0x5F5F63695F6C6173745F726567656E65726174657C693A313530353930313737353B6964656E746974797C733A31353A2261646D696E4061646D696E2E636F6D223B656D61696C7C733A31353A2261646D696E4061646D696E2E636F6D223B757365725F69647C733A313A2231223B6F6C645F6C6173745F6C6F67696E7C733A31303A2231353035383736373033223B);
INSERT INTO `ci_sessions` VALUES ('403173f4dd02d9c60d404317d204b3b753a61ec6', '::1', 1505902890, 0x5F5F63695F6C6173745F726567656E65726174657C693A313530353930323839303B6964656E746974797C733A31353A2261646D696E4061646D696E2E636F6D223B656D61696C7C733A31353A2261646D696E4061646D696E2E636F6D223B757365725F69647C733A313A2231223B6F6C645F6C6173745F6C6F67696E7C733A31303A2231353035383736373033223B);
INSERT INTO `ci_sessions` VALUES ('e0ae67345dab6cf6da31b0050d70892af5be2089', '::1', 1505958091, 0x5F5F63695F6C6173745F726567656E65726174657C693A313530353935383037323B6964656E746974797C733A31353A2261646D696E4061646D696E2E636F6D223B656D61696C7C733A31353A2261646D696E4061646D696E2E636F6D223B757365725F69647C733A313A2231223B6F6C645F6C6173745F6C6F67696E7C733A31303A2231353035383936363032223B);
INSERT INTO `ci_sessions` VALUES ('22593a1ae7b261dba811ab6d9fc759800b9d7de2', '::1', 1505958958, 0x5F5F63695F6C6173745F726567656E65726174657C693A313530353935383733333B6964656E746974797C733A31353A2261646D696E4061646D696E2E636F6D223B656D61696C7C733A31353A2261646D696E4061646D696E2E636F6D223B757365725F69647C733A313A2231223B6F6C645F6C6173745F6C6F67696E7C733A31303A2231353035383936363032223B);
INSERT INTO `ci_sessions` VALUES ('deee82803380de339a3386cc6e793b7c845899b5', '::1', 1506067823, 0x5F5F63695F6C6173745F726567656E65726174657C693A313530363036373638393B6964656E746974797C733A31353A2261646D696E4061646D696E2E636F6D223B656D61696C7C733A31353A2261646D696E4061646D696E2E636F6D223B757365725F69647C733A313A2231223B6F6C645F6C6173745F6C6F67696E7C733A31303A2231353035393538303735223B);
INSERT INTO `ci_sessions` VALUES ('c9a6daf8a304d4f83a0498aa830a2ad177af18a6', '::1', 1506068209, 0x5F5F63695F6C6173745F726567656E65726174657C693A313530363036383135343B6964656E746974797C733A31353A2261646D696E4061646D696E2E636F6D223B656D61696C7C733A31353A2261646D696E4061646D696E2E636F6D223B757365725F69647C733A313A2231223B6F6C645F6C6173745F6C6F67696E7C733A31303A2231353035393538303735223B);
INSERT INTO `ci_sessions` VALUES ('b79cc22bf9302cb1688df36de79c87618f6f9cc6', '::1', 1506307637, 0x5F5F63695F6C6173745F726567656E65726174657C693A313530363330373433353B6964656E746974797C733A31353A2261646D696E4061646D696E2E636F6D223B656D61696C7C733A31353A2261646D696E4061646D696E2E636F6D223B757365725F69647C733A313A2231223B6F6C645F6C6173745F6C6F67696E7C733A31303A2231353036303637363932223B);
INSERT INTO `ci_sessions` VALUES ('8534d20a35073b7fa7a1faa6d5fd0de1f7fbb60f', '::1', 1506309516, 0x5F5F63695F6C6173745F726567656E65726174657C693A313530363330393430323B6964656E746974797C733A31353A2261646D696E4061646D696E2E636F6D223B656D61696C7C733A31353A2261646D696E4061646D696E2E636F6D223B757365725F69647C733A313A2231223B6F6C645F6C6173745F6C6F67696E7C733A31303A2231353036303637363932223B);
INSERT INTO `ci_sessions` VALUES ('aaa0dff716cd6eba59f75894917b9ec4a6016dbd', '::1', 1506312381, 0x5F5F63695F6C6173745F726567656E65726174657C693A313530363331323235363B6964656E746974797C733A31353A2261646D696E4061646D696E2E636F6D223B656D61696C7C733A31353A2261646D696E4061646D696E2E636F6D223B757365725F69647C733A313A2231223B6F6C645F6C6173745F6C6F67696E7C733A31303A2231353036303637363932223B);
INSERT INTO `ci_sessions` VALUES ('05c6224bddfbab0b3288bc22aa5b6defdeb8385a', '::1', 1506322763, 0x5F5F63695F6C6173745F726567656E65726174657C693A313530363332323532323B6964656E746974797C733A31353A2261646D696E4061646D696E2E636F6D223B656D61696C7C733A31353A2261646D696E4061646D696E2E636F6D223B757365725F69647C733A313A2231223B6F6C645F6C6173745F6C6F67696E7C733A31303A2231353036333037343338223B);
INSERT INTO `ci_sessions` VALUES ('d98b818628dfefa48492579903b9ed067c4dcc5d', '::1', 1506323170, 0x5F5F63695F6C6173745F726567656E65726174657C693A313530363332333136393B);
INSERT INTO `ci_sessions` VALUES ('539bab0349df1dc54a687af8e345aa7757516bfa', '::1', 1506323170, 0x5F5F63695F6C6173745F726567656E65726174657C693A313530363332333137303B);
INSERT INTO `ci_sessions` VALUES ('9c18b37af70842a88daa17f7cb1753e0999564d7', '::1', 1506323426, 0x5F5F63695F6C6173745F726567656E65726174657C693A313530363332333432363B6964656E746974797C733A31353A2261646D696E4061646D696E2E636F6D223B656D61696C7C733A31353A2261646D696E4061646D696E2E636F6D223B757365725F69647C733A313A2231223B6F6C645F6C6173745F6C6F67696E7C733A31303A2231353036333037343338223B);
INSERT INTO `ci_sessions` VALUES ('59d10efa4ff6d7729f1db646eedcd41d9ff857d1', '::1', 1506332547, 0x5F5F63695F6C6173745F726567656E65726174657C693A313530363333323534373B);
INSERT INTO `ci_sessions` VALUES ('4948c6f8438a845f54afdd244cb4597785993498', '::1', 1506332548, 0x5F5F63695F6C6173745F726567656E65726174657C693A313530363333323534383B);
INSERT INTO `ci_sessions` VALUES ('e545e066673ff2d9a1dbb7a86fe84de79eea354f', '::1', 1506334630, 0x5F5F63695F6C6173745F726567656E65726174657C693A313530363333343633303B);
INSERT INTO `ci_sessions` VALUES ('a5d2467cb35d1324e61066c914d41ebca32d2533', '::1', 1506334631, 0x5F5F63695F6C6173745F726567656E65726174657C693A313530363333343633313B);
INSERT INTO `ci_sessions` VALUES ('0141319e525097c150e71ac9f7ff4d597a65806e', '::1', 1506334872, 0x5F5F63695F6C6173745F726567656E65726174657C693A313530363333343735333B6964656E746974797C733A31353A2261646D696E4061646D696E2E636F6D223B656D61696C7C733A31353A2261646D696E4061646D696E2E636F6D223B757365725F69647C733A313A2231223B6F6C645F6C6173745F6C6F67696E7C733A31303A2231353036333232353234223B);
INSERT INTO `ci_sessions` VALUES ('c3adc622fba50f7b9089e00e7c74b13d87de5247', '::1', 1506336122, 0x5F5F63695F6C6173745F726567656E65726174657C693A313530363333363132323B);
INSERT INTO `ci_sessions` VALUES ('bfd70bdc0c5ebc7466d2b69a15afaa09e3aa691e', '::1', 1506336122, 0x5F5F63695F6C6173745F726567656E65726174657C693A313530363333363132323B);
INSERT INTO `ci_sessions` VALUES ('e6be95d00f0f2325df0467e49406497f9f0c5d42', '::1', 1506338815, 0x5F5F63695F6C6173745F726567656E65726174657C693A313530363333383830393B6964656E746974797C733A31353A2261646D696E4061646D696E2E636F6D223B656D61696C7C733A31353A2261646D696E4061646D696E2E636F6D223B757365725F69647C733A313A2231223B6F6C645F6C6173745F6C6F67696E7C733A31303A2231353036333232353234223B);
INSERT INTO `ci_sessions` VALUES ('8d46fc2207e83d967676fb90a3e82dac243779ce', '::1', 1506348785, 0x5F5F63695F6C6173745F726567656E65726174657C693A313530363334383731353B6964656E746974797C733A31353A2261646D696E4061646D696E2E636F6D223B656D61696C7C733A31353A2261646D696E4061646D696E2E636F6D223B757365725F69647C733A313A2231223B6F6C645F6C6173745F6C6F67696E7C733A31303A2231353036333334373535223B);
INSERT INTO `ci_sessions` VALUES ('fd4fce9571fc63cc8e5650607de4d3ca2f9c356b', '::1', 1506390756, 0x5F5F63695F6C6173745F726567656E65726174657C693A313530363339303735353B);
INSERT INTO `ci_sessions` VALUES ('6e645e935190c0b887ffd48dea4279fad631f5e8', '::1', 1506390756, 0x5F5F63695F6C6173745F726567656E65726174657C693A313530363339303735363B);
INSERT INTO `ci_sessions` VALUES ('3e5de303b9daa94205bce2199c5fdc3158cb904f', '::1', 1506392299, 0x5F5F63695F6C6173745F726567656E65726174657C693A313530363339323239393B);
INSERT INTO `ci_sessions` VALUES ('20d99118ddd4a183aa689a9740f06dbbe88faa95', '::1', 1506392299, 0x5F5F63695F6C6173745F726567656E65726174657C693A313530363339323239393B);
INSERT INTO `ci_sessions` VALUES ('ed9e278ddf0233b38c13cbda3c34f951bf8ca059', '::1', 1506397855, 0x5F5F63695F6C6173745F726567656E65726174657C693A313530363339373835353B);
INSERT INTO `ci_sessions` VALUES ('9aefb53696aedf27c251e348add6d45beb29f91f', '::1', 1506397856, 0x5F5F63695F6C6173745F726567656E65726174657C693A313530363339373835353B);
INSERT INTO `ci_sessions` VALUES ('0d80757fc122fb750393e1de45d0200867cb00c6', '::1', 1506414688, 0x5F5F63695F6C6173745F726567656E65726174657C693A313530363431343638383B);
INSERT INTO `ci_sessions` VALUES ('8ccf8050d38b98c24adce74cd7174444efdc4727', '::1', 1506414688, 0x5F5F63695F6C6173745F726567656E65726174657C693A313530363431343638383B);
INSERT INTO `ci_sessions` VALUES ('1f5fa8aa9bd13eb8b5766ac613f7024fd1f3059d', '::1', 1506414811, 0x5F5F63695F6C6173745F726567656E65726174657C693A313530363431343730383B6964656E746974797C733A31353A2261646D696E4061646D696E2E636F6D223B656D61696C7C733A31353A2261646D696E4061646D696E2E636F6D223B757365725F69647C733A313A2231223B6F6C645F6C6173745F6C6F67696E7C733A31303A2231353036333438373739223B);
INSERT INTO `ci_sessions` VALUES ('96017418e434f4d7965da2c87cc114b16b05a999', '::1', 1506418452, 0x5F5F63695F6C6173745F726567656E65726174657C693A313530363431383435323B);
INSERT INTO `ci_sessions` VALUES ('59b01d96b793c03a0adb25d612c78fe6a7c011d0', '::1', 1506418452, 0x5F5F63695F6C6173745F726567656E65726174657C693A313530363431383435323B);
INSERT INTO `ci_sessions` VALUES ('768158c5ad5b1f155cc19447e0dbc01c56d76396', '::1', 1506419267, 0x5F5F63695F6C6173745F726567656E65726174657C693A313530363431393235303B6964656E746974797C733A31353A2261646D696E4061646D696E2E636F6D223B656D61696C7C733A31353A2261646D696E4061646D696E2E636F6D223B757365725F69647C733A313A2231223B6F6C645F6C6173745F6C6F67696E7C733A31303A2231353036343134373131223B);
INSERT INTO `ci_sessions` VALUES ('5713e7eaaa42ece9568af1ed9e33a1fcfa0d7df7', '::1', 1506476313, 0x5F5F63695F6C6173745F726567656E65726174657C693A313530363437363331333B);
INSERT INTO `ci_sessions` VALUES ('e46277cfc82f218ee1e8db60923a65e315e3137d', '::1', 1506476313, 0x5F5F63695F6C6173745F726567656E65726174657C693A313530363437363331333B);
INSERT INTO `ci_sessions` VALUES ('0d2974a704830e2db7d25190371a392d0360ddee', '::1', 1506476674, 0x5F5F63695F6C6173745F726567656E65726174657C693A313530363437363637343B);
INSERT INTO `ci_sessions` VALUES ('fb860835e860330201b2fe967537a221ebf69633', '::1', 1506476674, 0x5F5F63695F6C6173745F726567656E65726174657C693A313530363437363637343B);
INSERT INTO `ci_sessions` VALUES ('9743d94c8fe1cb0362d98da233abe2030e8ca722', '::1', 1506476900, 0x5F5F63695F6C6173745F726567656E65726174657C693A313530363437363930303B);
INSERT INTO `ci_sessions` VALUES ('199a6bfa1a64dd95d37abff53ac3310b599f5dd6', '::1', 1506476900, 0x5F5F63695F6C6173745F726567656E65726174657C693A313530363437363930303B);
INSERT INTO `ci_sessions` VALUES ('cd86c78b46ff1411e9811b99eb8a9e9be7f2ae25', '::1', 1506477130, 0x5F5F63695F6C6173745F726567656E65726174657C693A313530363437373133303B);
INSERT INTO `ci_sessions` VALUES ('61a717a36a4bc6bfe0a2ae1c1f1830e213338191', '::1', 1506477130, 0x5F5F63695F6C6173745F726567656E65726174657C693A313530363437373133303B);
INSERT INTO `ci_sessions` VALUES ('c6167fb063c83bd1535671bc65e7ea75a4703a0b', '::1', 1506480549, 0x5F5F63695F6C6173745F726567656E65726174657C693A313530363438303534393B);
INSERT INTO `ci_sessions` VALUES ('14eae05593a207817d7b23843ca78a1d8364dd3e', '::1', 1506480549, 0x5F5F63695F6C6173745F726567656E65726174657C693A313530363438303534393B);
INSERT INTO `ci_sessions` VALUES ('ab126f793dc4a8da2698219fa62a9679686b43b6', '::1', 1506480770, 0x5F5F63695F6C6173745F726567656E65726174657C693A313530363438303737303B);
INSERT INTO `ci_sessions` VALUES ('a6cb2017c3c9efc6749cbf4889830c2d23c603d0', '::1', 1506480770, 0x5F5F63695F6C6173745F726567656E65726174657C693A313530363438303737303B);
INSERT INTO `ci_sessions` VALUES ('9cec6ca08e6463e44279236e25a13547a635fce9', '::1', 1506498388, 0x5F5F63695F6C6173745F726567656E65726174657C693A313530363439383338373B);
INSERT INTO `ci_sessions` VALUES ('5165b95f375198b761db557baeea9532aa0f0583', '::1', 1506498388, 0x5F5F63695F6C6173745F726567656E65726174657C693A313530363439383338383B);
INSERT INTO `ci_sessions` VALUES ('980c079e5e9adc68e36d1bd6db3c47802e9b6527', '::1', 1506502304, 0x5F5F63695F6C6173745F726567656E65726174657C693A313530363530323330343B);
INSERT INTO `ci_sessions` VALUES ('914e0f25b11ac6d5a847175ecf028edabcf2db38', '::1', 1506502304, 0x5F5F63695F6C6173745F726567656E65726174657C693A313530363530323330343B);
INSERT INTO `ci_sessions` VALUES ('542350e9e31143a71a587eb14ede147e98198c89', '::1', 1506563042, 0x5F5F63695F6C6173745F726567656E65726174657C693A313530363536333034323B);
INSERT INTO `ci_sessions` VALUES ('536d462f7ef158e9e870386fc9a909f4c5951e2c', '::1', 1506563043, 0x5F5F63695F6C6173745F726567656E65726174657C693A313530363536333034323B);
INSERT INTO `ci_sessions` VALUES ('024fb54d17f51091a920dee4573413c461856d60', '::1', 1506584119, 0x5F5F63695F6C6173745F726567656E65726174657C693A313530363538343131393B);
INSERT INTO `ci_sessions` VALUES ('6f6ce71f70208387ec2a3ef3ef98cd8265260a1a', '::1', 1506584119, 0x5F5F63695F6C6173745F726567656E65726174657C693A313530363538343131393B);
INSERT INTO `ci_sessions` VALUES ('1d9f3091ff1dc39488e04c1b858c93a4d95c4a45', '::1', 1506584465, 0x5F5F63695F6C6173745F726567656E65726174657C693A313530363538343436353B);
INSERT INTO `ci_sessions` VALUES ('ed630862dbd39e6b5833459d7952f85ef98197c5', '::1', 1506584465, 0x5F5F63695F6C6173745F726567656E65726174657C693A313530363538343436353B);
INSERT INTO `ci_sessions` VALUES ('59b9f872a3aaff91d39a1309d635103b89f2c0e2', '::1', 1506587540, 0x5F5F63695F6C6173745F726567656E65726174657C693A313530363538373534303B);
INSERT INTO `ci_sessions` VALUES ('4f8a188e86cc98ae2305fed6b88faf2fe52512a5', '::1', 1506587541, 0x5F5F63695F6C6173745F726567656E65726174657C693A313530363538373534303B);
INSERT INTO `ci_sessions` VALUES ('5aa9d4d6cf9d68814cd370c7134bfa1ffae15282', '::1', 1506657616, 0x5F5F63695F6C6173745F726567656E65726174657C693A313530363635373631363B);
INSERT INTO `ci_sessions` VALUES ('fa2017cdd6a50ff8330ba92e5ffcd6ee4d648679', '::1', 1506657616, 0x5F5F63695F6C6173745F726567656E65726174657C693A313530363635373631363B);
INSERT INTO `ci_sessions` VALUES ('fea6cfcb092768cda55e35442928a1b1def45140', '::1', 1507261971, 0x5F5F63695F6C6173745F726567656E65726174657C693A313530373236313937303B);
INSERT INTO `ci_sessions` VALUES ('33f1af5b15a09306bfbb163370f153ab6e65eba6', '::1', 1507261971, 0x5F5F63695F6C6173745F726567656E65726174657C693A313530373236313937313B);
INSERT INTO `ci_sessions` VALUES ('7a55b65a309f505af6c885d364e83489c8600f9d', '::1', 1507262604, 0x5F5F63695F6C6173745F726567656E65726174657C693A313530373236323630343B);
INSERT INTO `ci_sessions` VALUES ('428732e5f933df42b04a28e8806845650d03633a', '::1', 1507262604, 0x5F5F63695F6C6173745F726567656E65726174657C693A313530373236323630343B);
INSERT INTO `ci_sessions` VALUES ('d31f91aa69ae365b85c9a4710fbbd04b3d0d1335', '::1', 1507262794, 0x5F5F63695F6C6173745F726567656E65726174657C693A313530373236323739343B);
INSERT INTO `ci_sessions` VALUES ('dea7039ed01a7e68ebc36e6ea4109a8b17308887', '::1', 1507262795, 0x5F5F63695F6C6173745F726567656E65726174657C693A313530373236323739353B);
INSERT INTO `ci_sessions` VALUES ('1641dd6c99b3f4e6df58b75c099bf472afcc6d77', '::1', 1507263360, 0x5F5F63695F6C6173745F726567656E65726174657C693A313530373236333336303B);
INSERT INTO `ci_sessions` VALUES ('b502a454856b77741e44e6959480e043ee35963d', '::1', 1507263360, 0x5F5F63695F6C6173745F726567656E65726174657C693A313530373236333336303B);
INSERT INTO `ci_sessions` VALUES ('8ed0c9d55452469163823b91c8cb784c02dee8d7', '::1', 1507271859, 0x5F5F63695F6C6173745F726567656E65726174657C693A313530373237313835393B);
INSERT INTO `ci_sessions` VALUES ('0238e02dff47b36e74bd8a6afed0f38b2422b9ba', '::1', 1507271859, 0x5F5F63695F6C6173745F726567656E65726174657C693A313530373237313835393B);
INSERT INTO `ci_sessions` VALUES ('8d9bfedba0ca086b48ee66820762611b2ff1b223', '::1', 1509952619, 0x5F5F63695F6C6173745F726567656E65726174657C693A313530393935323335363B6964656E746974797C733A31353A2261646D696E4061646D696E2E636F6D223B656D61696C7C733A31353A2261646D696E4061646D696E2E636F6D223B757365725F69647C733A313A2231223B6F6C645F6C6173745F6C6F67696E7C733A31303A2231353036343139323532223B);
INSERT INTO `ci_sessions` VALUES ('62fcd2732307abbe507dc291366b44212158a2f2', '::1', 1509952808, 0x5F5F63695F6C6173745F726567656E65726174657C693A313530393935323830383B6964656E746974797C733A31353A2261646D696E4061646D696E2E636F6D223B656D61696C7C733A31353A2261646D696E4061646D696E2E636F6D223B757365725F69647C733A313A2231223B6F6C645F6C6173745F6C6F67696E7C733A31303A2231353036343139323532223B);
INSERT INTO `ci_sessions` VALUES ('fba9f1e510aa740285d96fd247a1149d91af0fe8', '::1', 1509962762, 0x5F5F63695F6C6173745F726567656E65726174657C693A313530393936323436363B6964656E746974797C733A31353A2261646D696E4061646D696E2E636F6D223B656D61696C7C733A31353A2261646D696E4061646D696E2E636F6D223B757365725F69647C733A313A2231223B6F6C645F6C6173745F6C6F67696E7C733A31303A2231353039393532333538223B);
INSERT INTO `ci_sessions` VALUES ('a1de1ef4825605773922194a081a2407810b207e', '::1', 1509963438, 0x5F5F63695F6C6173745F726567656E65726174657C693A313530393936333433373B6964656E746974797C733A31353A2261646D696E4061646D696E2E636F6D223B656D61696C7C733A31353A2261646D696E4061646D696E2E636F6D223B757365725F69647C733A313A2231223B6F6C645F6C6173745F6C6F67696E7C733A31303A2231353039393532333538223B);
INSERT INTO `ci_sessions` VALUES ('a7a07f0d383dea0361287640e7545ea70367f3d5', '::1', 1510028646, 0x5F5F63695F6C6173745F726567656E65726174657C693A313531303032383535373B6964656E746974797C733A31353A2261646D696E4061646D696E2E636F6D223B656D61696C7C733A31353A2261646D696E4061646D696E2E636F6D223B757365725F69647C733A313A2231223B6F6C645F6C6173745F6C6F67696E7C733A31303A2231353039393632343638223B);
INSERT INTO `ci_sessions` VALUES ('517bfe6e1183c440a305eee0a67956fd23f14179', '::1', 1510050559, 0x5F5F63695F6C6173745F726567656E65726174657C693A313531303035303337393B6964656E746974797C733A31353A2261646D696E4061646D696E2E636F6D223B656D61696C7C733A31353A2261646D696E4061646D696E2E636F6D223B757365725F69647C733A313A2231223B6F6C645F6C6173745F6C6F67696E7C733A31303A2231353130303238353731223B);
INSERT INTO `ci_sessions` VALUES ('dc606509a0f21dffcdb2d0ebbe3156adc97ef466', '::1', 1510106015, 0x5F5F63695F6C6173745F726567656E65726174657C693A313531303130363031333B6964656E746974797C733A31353A2261646D696E4061646D696E2E636F6D223B656D61696C7C733A31353A2261646D696E4061646D696E2E636F6D223B757365725F69647C733A313A2231223B6F6C645F6C6173745F6C6F67696E7C733A31303A2231353130303530333831223B6D6573736167657C733A35333A223C7020636C6173733D22746578742D6C696768742D626C7565223E4C6F6767656420496E205375636365737366756C6C793C2F703E223B5F5F63695F766172737C613A313A7B733A373A226D657373616765223B733A333A226F6C64223B7D);
INSERT INTO `ci_sessions` VALUES ('aef096e41209dc3efc0ab39e7e3f2d7952fe3aa5', '::1', 1510129892, 0x5F5F63695F6C6173745F726567656E65726174657C693A313531303132393838333B6964656E746974797C733A31353A2261646D696E4061646D696E2E636F6D223B656D61696C7C733A31353A2261646D696E4061646D696E2E636F6D223B757365725F69647C733A313A2231223B6F6C645F6C6173745F6C6F67696E7C733A31303A2231353130313036303134223B);
INSERT INTO `ci_sessions` VALUES ('d26e3c4c38ff63f0230f0037ad7f25d880b0439b', '::1', 1510212495, 0x5F5F63695F6C6173745F726567656E65726174657C693A313531303231323437323B6964656E746974797C733A31353A2261646D696E4061646D696E2E636F6D223B656D61696C7C733A31353A2261646D696E4061646D696E2E636F6D223B757365725F69647C733A313A2231223B6F6C645F6C6173745F6C6F67696E7C733A31303A2231353130313239383836223B);
INSERT INTO `ci_sessions` VALUES ('13571f6ea34fbaf2564bf6a5c5e3a64b144e9546', '::1', 1510285631, 0x5F5F63695F6C6173745F726567656E65726174657C693A313531303238353537383B6964656E746974797C733A31353A2261646D696E4061646D696E2E636F6D223B656D61696C7C733A31353A2261646D696E4061646D696E2E636F6D223B757365725F69647C733A313A2231223B6F6C645F6C6173745F6C6F67696E7C733A31303A2231353130323132343735223B);
INSERT INTO `ci_sessions` VALUES ('879c148b1d99c88cb4b7ea81af220e3290830d7e', '::1', 1510286258, 0x5F5F63695F6C6173745F726567656E65726174657C693A313531303238363233333B6964656E746974797C733A31353A2261646D696E4061646D696E2E636F6D223B656D61696C7C733A31353A2261646D696E4061646D696E2E636F6D223B757365725F69647C733A313A2231223B6F6C645F6C6173745F6C6F67696E7C733A31303A2231353130323132343735223B);
INSERT INTO `ci_sessions` VALUES ('1f3856384281df27bf3305bb22e537b444e9d331', '::1', 1510572370, 0x5F5F63695F6C6173745F726567656E65726174657C693A313531303536393933363B6964656E746974797C733A31353A2261646D696E4061646D696E2E636F6D223B656D61696C7C733A31353A2261646D696E4061646D696E2E636F6D223B757365725F69647C733A313A2231223B6F6C645F6C6173745F6C6F67696E7C733A31303A2231353130323835353830223B);
INSERT INTO `ci_sessions` VALUES ('826b21b61001ba380de30d96d1a4991098f816c4', '::1', 1510627511, 0x5F5F63695F6C6173745F726567656E65726174657C693A313531303632373334303B6964656E746974797C733A31353A2261646D696E4061646D696E2E636F6D223B656D61696C7C733A31353A2261646D696E4061646D696E2E636F6D223B757365725F69647C733A313A2231223B6F6C645F6C6173745F6C6F67696E7C733A31303A2231353130353639393432223B);
INSERT INTO `ci_sessions` VALUES ('e956a5922ee9970e1a01ed61f312b93fc08fee88', '::1', 1510627774, 0x5F5F63695F6C6173745F726567656E65726174657C693A313531303632373636343B6964656E746974797C733A31353A2261646D696E4061646D696E2E636F6D223B656D61696C7C733A31353A2261646D696E4061646D696E2E636F6D223B757365725F69647C733A313A2231223B6F6C645F6C6173745F6C6F67696E7C733A31303A2231353130353639393432223B);
INSERT INTO `ci_sessions` VALUES ('8a3803533589f858daa01a5a8ae4c98be5b88a34', '::1', 1510642027, 0x5F5F63695F6C6173745F726567656E65726174657C693A313531303634313839363B6964656E746974797C733A31353A2261646D696E4061646D696E2E636F6D223B656D61696C7C733A31353A2261646D696E4061646D696E2E636F6D223B757365725F69647C733A313A2231223B6F6C645F6C6173745F6C6F67696E7C733A31303A2231353130363237333432223B);
INSERT INTO `ci_sessions` VALUES ('9f66c95056b2159620f880854cb72a5b9b2c03d5', '::1', 1510644201, 0x5F5F63695F6C6173745F726567656E65726174657C693A313531303634343230303B6964656E746974797C733A31353A2261646D696E4061646D696E2E636F6D223B656D61696C7C733A31353A2261646D696E4061646D696E2E636F6D223B757365725F69647C733A313A2231223B6F6C645F6C6173745F6C6F67696E7C733A31303A2231353130363237333432223B);
INSERT INTO `ci_sessions` VALUES ('16819634f90d256aa7872cad0c275cf060f8b5da', '::1', 1510798691, 0x5F5F63695F6C6173745F726567656E65726174657C693A313531303739383639303B);
INSERT INTO `ci_sessions` VALUES ('3ef370a02162123b03a4ab27e9acf31f038b8e5b', '::1', 1510828513, 0x5F5F63695F6C6173745F726567656E65726174657C693A313531303832383430393B6964656E746974797C733A31353A2261646D696E4061646D696E2E636F6D223B656D61696C7C733A31353A2261646D696E4061646D696E2E636F6D223B757365725F69647C733A313A2231223B6F6C645F6C6173745F6C6F67696E7C733A31303A2231353130363431383938223B);
INSERT INTO `ci_sessions` VALUES ('a1030ca76f3aa645c13a1ec145e0888080bb9029', '::1', 1511268810, 0x5F5F63695F6C6173745F726567656E65726174657C693A313531313236383734323B6964656E746974797C733A31353A2261646D696E4061646D696E2E636F6D223B656D61696C7C733A31353A2261646D696E4061646D696E2E636F6D223B757365725F69647C733A313A2231223B6F6C645F6C6173745F6C6F67696E7C733A31303A2231353130383238343039223B);
INSERT INTO `ci_sessions` VALUES ('bf04316cfee3feaeb64d1150cda43966dc712715', '::1', 1511341875, 0x5F5F63695F6C6173745F726567656E65726174657C693A313531313334313738313B6964656E746974797C733A31353A2261646D696E4061646D696E2E636F6D223B656D61696C7C733A31353A2261646D696E4061646D696E2E636F6D223B757365725F69647C733A313A2231223B6F6C645F6C6173745F6C6F67696E7C733A31303A2231353131323638373534223B);
INSERT INTO `ci_sessions` VALUES ('6d14f48f88d13f320e2706037b2d83bb7f34421a', '::1', 1511514258, 0x5F5F63695F6C6173745F726567656E65726174657C693A313531313531343132333B6964656E746974797C733A31353A2261646D696E4061646D696E2E636F6D223B656D61696C7C733A31353A2261646D696E4061646D696E2E636F6D223B757365725F69647C733A313A2231223B6F6C645F6C6173745F6C6F67696E7C733A31303A2231353131333431373834223B);
INSERT INTO `ci_sessions` VALUES ('8ec09a6e8c4f0848bc34042a36c951c8f1dcbf97', '::1', 1511716082, 0x5F5F63695F6C6173745F726567656E65726174657C693A313531313731363037373B6964656E746974797C733A31353A2261646D696E4061646D696E2E636F6D223B656D61696C7C733A31353A2261646D696E4061646D696E2E636F6D223B757365725F69647C733A313A2231223B6F6C645F6C6173745F6C6F67696E7C733A31303A2231353131353134313236223B6D6573736167657C733A35333A223C7020636C6173733D22746578742D6C696768742D626C7565223E4C6F6767656420496E205375636365737366756C6C793C2F703E223B5F5F63695F766172737C613A313A7B733A373A226D657373616765223B733A333A226F6C64223B7D);
INSERT INTO `ci_sessions` VALUES ('683956e0453e565e7781e46460203e23e5fa3dbf', '::1', 1511717165, 0x5F5F63695F6C6173745F726567656E65726174657C693A313531313731363936333B6964656E746974797C733A31353A2261646D696E4061646D696E2E636F6D223B656D61696C7C733A31353A2261646D696E4061646D696E2E636F6D223B757365725F69647C733A313A2231223B6F6C645F6C6173745F6C6F67696E7C733A31303A2231353131353134313236223B);
INSERT INTO `ci_sessions` VALUES ('9bd7f21c928f8005a0596e64a0cefb066d58f450', '::1', 1511776723, 0x5F5F63695F6C6173745F726567656E65726174657C693A313531313737363530323B6D6573736167657C733A36353A223C7020636C6173733D22746578742D726564223E54656D706F726172696C79204C6F636B6564204F75742E202054727920616761696E206C617465722E3C2F703E223B5F5F63695F766172737C613A313A7B733A373A226D657373616765223B733A333A226F6C64223B7D);
INSERT INTO `ci_sessions` VALUES ('c9a5257614c69daa4faec63f1aac542c218798de', '::1', 1511777094, 0x5F5F63695F6C6173745F726567656E65726174657C693A313531313737373039343B6D6573736167657C733A36353A223C7020636C6173733D22746578742D726564223E54656D706F726172696C79204C6F636B6564204F75742E202054727920616761696E206C617465722E3C2F703E223B5F5F63695F766172737C613A313A7B733A373A226D657373616765223B733A333A226F6C64223B7D);
INSERT INTO `ci_sessions` VALUES ('232cc28133eb0fba733ed33379a7ab450dcd32dd', '::1', 1511777496, 0x5F5F63695F6C6173745F726567656E65726174657C693A313531313737373431323B6964656E746974797C733A31353A2261646D696E4061646D696E2E636F6D223B656D61696C7C733A31353A2261646D696E4061646D696E2E636F6D223B757365725F69647C733A313A2231223B6F6C645F6C6173745F6C6F67696E7C733A31303A2231353131373136303832223B);
INSERT INTO `ci_sessions` VALUES ('9961d257f10876a989d7f5ec719ae8b83c559686', '::1', 1512367714, 0x5F5F63695F6C6173745F726567656E65726174657C693A313531323336373534373B6964656E746974797C733A31353A2261646D696E4061646D696E2E636F6D223B656D61696C7C733A31353A2261646D696E4061646D696E2E636F6D223B757365725F69647C733A313A2231223B6F6C645F6C6173745F6C6F67696E7C733A31303A2231353131373737343134223B);
INSERT INTO `ci_sessions` VALUES ('a4a0c137c08bcfe0bf7e306a8d882e2b7add8870', '::1', 1512373208, 0x5F5F63695F6C6173745F726567656E65726174657C693A313531323337333138373B6964656E746974797C733A31353A2261646D696E4061646D696E2E636F6D223B656D61696C7C733A31353A2261646D696E4061646D696E2E636F6D223B757365725F69647C733A313A2231223B6F6C645F6C6173745F6C6F67696E7C733A31303A2231353131373737343134223B);
INSERT INTO `ci_sessions` VALUES ('5e10ad124ece00d83b366d9726cf3798fdaf4c42', '::1', 1512526517, 0x5F5F63695F6C6173745F726567656E65726174657C693A313531323532363531303B6964656E746974797C733A31353A2261646D696E4061646D696E2E636F6D223B656D61696C7C733A31353A2261646D696E4061646D696E2E636F6D223B757365725F69647C733A313A2231223B6F6C645F6C6173745F6C6F67696E7C733A31303A2231353132333637353532223B637372666B65797C733A383A226366374168353648223B5F5F63695F766172737C613A323A7B733A373A22637372666B6579223B733A333A226E6577223B733A393A226373726676616C7565223B733A333A226E6577223B7D6373726676616C75657C733A32303A227730517434357A794D4466397643314546673878223B);
INSERT INTO `ci_sessions` VALUES ('bee1777de5007b973f130eada420408c15f4e713', '::1', 1512965539, 0x5F5F63695F6C6173745F726567656E65726174657C693A313531323936353433313B6964656E746974797C733A31353A2261646D696E4061646D696E2E636F6D223B656D61696C7C733A31353A2261646D696E4061646D696E2E636F6D223B757365725F69647C733A313A2231223B6F6C645F6C6173745F6C6F67696E7C733A31303A2231353132353236353133223B);
INSERT INTO `ci_sessions` VALUES ('b25a1bec37baf2444b3cfaf4603bc47a492194c5', '::1', 1513238862, 0x5F5F63695F6C6173745F726567656E65726174657C693A313531333233383830313B6964656E746974797C733A31353A2261646D696E4061646D696E2E636F6D223B656D61696C7C733A31353A2261646D696E4061646D696E2E636F6D223B757365725F69647C733A313A2231223B6F6C645F6C6173745F6C6F67696E7C733A31303A2231353132393635343433223B);
INSERT INTO `ci_sessions` VALUES ('d81add7f63e4e45983a1ffd6c82f1e303bac89ed', '::1', 1516194182, 0x5F5F63695F6C6173745F726567656E65726174657C693A313531363139343031353B6964656E746974797C733A31353A2261646D696E4061646D696E2E636F6D223B656D61696C7C733A31353A2261646D696E4061646D696E2E636F6D223B757365725F69647C733A313A2231223B6F6C645F6C6173745F6C6F67696E7C733A31303A2231353133323338383037223B);
INSERT INTO `ci_sessions` VALUES ('a678290686cbebc7e4ed5e747b5701cfb5ecd4aa', '::1', 1516194529, 0x5F5F63695F6C6173745F726567656E65726174657C693A313531363139343337363B6964656E746974797C733A31353A2261646D696E4061646D696E2E636F6D223B656D61696C7C733A31353A2261646D696E4061646D696E2E636F6D223B757365725F69647C733A313A2231223B6F6C645F6C6173745F6C6F67696E7C733A31303A2231353133323338383037223B);
INSERT INTO `ci_sessions` VALUES ('f25fba311d7665cab55ac36508ecfcb3d05b2d1e', '::1', 1516194895, 0x5F5F63695F6C6173745F726567656E65726174657C693A313531363139343839353B6964656E746974797C733A31353A2261646D696E4061646D696E2E636F6D223B656D61696C7C733A31353A2261646D696E4061646D696E2E636F6D223B757365725F69647C733A313A2231223B6F6C645F6C6173745F6C6F67696E7C733A31303A2231353133323338383037223B);
INSERT INTO `ci_sessions` VALUES ('dff5788722ea8dd326b692f9435062d788219c98', '::1', 1516195200, 0x5F5F63695F6C6173745F726567656E65726174657C693A313531363139353230303B6964656E746974797C733A31353A2261646D696E4061646D696E2E636F6D223B656D61696C7C733A31353A2261646D696E4061646D696E2E636F6D223B757365725F69647C733A313A2231223B6F6C645F6C6173745F6C6F67696E7C733A31303A2231353133323338383037223B);
INSERT INTO `ci_sessions` VALUES ('fed141ef339ab8be45a1d0fcd0ab56b67d72acbd', '::1', 1516195505, 0x5F5F63695F6C6173745F726567656E65726174657C693A313531363139353530353B6964656E746974797C733A31353A2261646D696E4061646D696E2E636F6D223B656D61696C7C733A31353A2261646D696E4061646D696E2E636F6D223B757365725F69647C733A313A2231223B6F6C645F6C6173745F6C6F67696E7C733A31303A2231353133323338383037223B);
INSERT INTO `ci_sessions` VALUES ('2e2e3b0d9b62a3c37d3f7fc047885a3723b4621f', '::1', 1516195810, 0x5F5F63695F6C6173745F726567656E65726174657C693A313531363139353831303B6964656E746974797C733A31353A2261646D696E4061646D696E2E636F6D223B656D61696C7C733A31353A2261646D696E4061646D696E2E636F6D223B757365725F69647C733A313A2231223B6F6C645F6C6173745F6C6F67696E7C733A31303A2231353133323338383037223B);
INSERT INTO `ci_sessions` VALUES ('980056b596370676b071cbc1d817aa4f17b1f409', '::1', 1516196115, 0x5F5F63695F6C6173745F726567656E65726174657C693A313531363139363131353B6964656E746974797C733A31353A2261646D696E4061646D696E2E636F6D223B656D61696C7C733A31353A2261646D696E4061646D696E2E636F6D223B757365725F69647C733A313A2231223B6F6C645F6C6173745F6C6F67696E7C733A31303A2231353133323338383037223B);
INSERT INTO `ci_sessions` VALUES ('7883ce5b9c6b9ac9c66a0b5a96e9a995ca8f05c3', '::1', 1516196420, 0x5F5F63695F6C6173745F726567656E65726174657C693A313531363139363432303B6964656E746974797C733A31353A2261646D696E4061646D696E2E636F6D223B656D61696C7C733A31353A2261646D696E4061646D696E2E636F6D223B757365725F69647C733A313A2231223B6F6C645F6C6173745F6C6F67696E7C733A31303A2231353133323338383037223B);
INSERT INTO `ci_sessions` VALUES ('91b89f8d3b10fe902fed6adbdc6eef3fcdacaeeb', '::1', 1516196725, 0x5F5F63695F6C6173745F726567656E65726174657C693A313531363139363732353B6964656E746974797C733A31353A2261646D696E4061646D696E2E636F6D223B656D61696C7C733A31353A2261646D696E4061646D696E2E636F6D223B757365725F69647C733A313A2231223B6F6C645F6C6173745F6C6F67696E7C733A31303A2231353133323338383037223B);
INSERT INTO `ci_sessions` VALUES ('1fdced369eb4d6be88f4a210bf0478f9a02ac2ce', '::1', 1516197030, 0x5F5F63695F6C6173745F726567656E65726174657C693A313531363139373033303B6964656E746974797C733A31353A2261646D696E4061646D696E2E636F6D223B656D61696C7C733A31353A2261646D696E4061646D696E2E636F6D223B757365725F69647C733A313A2231223B6F6C645F6C6173745F6C6F67696E7C733A31303A2231353133323338383037223B);
INSERT INTO `ci_sessions` VALUES ('427a07b616e2b51d8007eb04153a6c152fbb52b6', '::1', 1516197335, 0x5F5F63695F6C6173745F726567656E65726174657C693A313531363139373333353B6964656E746974797C733A31353A2261646D696E4061646D696E2E636F6D223B656D61696C7C733A31353A2261646D696E4061646D696E2E636F6D223B757365725F69647C733A313A2231223B6F6C645F6C6173745F6C6F67696E7C733A31303A2231353133323338383037223B);
INSERT INTO `ci_sessions` VALUES ('f9bd1e34e3fe645e084b333b6550398687af66e4', '::1', 1516197640, 0x5F5F63695F6C6173745F726567656E65726174657C693A313531363139373634303B6964656E746974797C733A31353A2261646D696E4061646D696E2E636F6D223B656D61696C7C733A31353A2261646D696E4061646D696E2E636F6D223B757365725F69647C733A313A2231223B6F6C645F6C6173745F6C6F67696E7C733A31303A2231353133323338383037223B);
INSERT INTO `ci_sessions` VALUES ('cf5bee2d47f324764d87618712e34c5e19f2e7a4', '::1', 1516197945, 0x5F5F63695F6C6173745F726567656E65726174657C693A313531363139373934353B6964656E746974797C733A31353A2261646D696E4061646D696E2E636F6D223B656D61696C7C733A31353A2261646D696E4061646D696E2E636F6D223B757365725F69647C733A313A2231223B6F6C645F6C6173745F6C6F67696E7C733A31303A2231353133323338383037223B);
INSERT INTO `ci_sessions` VALUES ('a461326befbb4b356aef51fd639ff7e7c1ace1bd', '::1', 1516198250, 0x5F5F63695F6C6173745F726567656E65726174657C693A313531363139383235303B6964656E746974797C733A31353A2261646D696E4061646D696E2E636F6D223B656D61696C7C733A31353A2261646D696E4061646D696E2E636F6D223B757365725F69647C733A313A2231223B6F6C645F6C6173745F6C6F67696E7C733A31303A2231353133323338383037223B);
INSERT INTO `ci_sessions` VALUES ('00fc3021d8ea34adf64726f37340ce723ca1b4d9', '::1', 1516198555, 0x5F5F63695F6C6173745F726567656E65726174657C693A313531363139383535353B6964656E746974797C733A31353A2261646D696E4061646D696E2E636F6D223B656D61696C7C733A31353A2261646D696E4061646D696E2E636F6D223B757365725F69647C733A313A2231223B6F6C645F6C6173745F6C6F67696E7C733A31303A2231353133323338383037223B);
INSERT INTO `ci_sessions` VALUES ('ab5dcaaafe464b427137a00d597c9a847125a82e', '::1', 1516198860, 0x5F5F63695F6C6173745F726567656E65726174657C693A313531363139383836303B6964656E746974797C733A31353A2261646D696E4061646D696E2E636F6D223B656D61696C7C733A31353A2261646D696E4061646D696E2E636F6D223B757365725F69647C733A313A2231223B6F6C645F6C6173745F6C6F67696E7C733A31303A2231353133323338383037223B);
INSERT INTO `ci_sessions` VALUES ('1b623363a6ceb43d67b61484256a367fff1614ab', '::1', 1516199165, 0x5F5F63695F6C6173745F726567656E65726174657C693A313531363139393136353B6964656E746974797C733A31353A2261646D696E4061646D696E2E636F6D223B656D61696C7C733A31353A2261646D696E4061646D696E2E636F6D223B757365725F69647C733A313A2231223B6F6C645F6C6173745F6C6F67696E7C733A31303A2231353133323338383037223B);
INSERT INTO `ci_sessions` VALUES ('0849fa8091184b9d43f1a16c99fa620d2fbd6c1c', '::1', 1516199470, 0x5F5F63695F6C6173745F726567656E65726174657C693A313531363139393437303B6964656E746974797C733A31353A2261646D696E4061646D696E2E636F6D223B656D61696C7C733A31353A2261646D696E4061646D696E2E636F6D223B757365725F69647C733A313A2231223B6F6C645F6C6173745F6C6F67696E7C733A31303A2231353133323338383037223B);
INSERT INTO `ci_sessions` VALUES ('1e2b142d4dd7cd26e00a58549b6152461a8d3f66', '::1', 1516199775, 0x5F5F63695F6C6173745F726567656E65726174657C693A313531363139393737353B6964656E746974797C733A31353A2261646D696E4061646D696E2E636F6D223B656D61696C7C733A31353A2261646D696E4061646D696E2E636F6D223B757365725F69647C733A313A2231223B6F6C645F6C6173745F6C6F67696E7C733A31303A2231353133323338383037223B);
INSERT INTO `ci_sessions` VALUES ('d0194416406096302059b37e1dfa2645f2c7a3f7', '::1', 1516200080, 0x5F5F63695F6C6173745F726567656E65726174657C693A313531363230303038303B6964656E746974797C733A31353A2261646D696E4061646D696E2E636F6D223B656D61696C7C733A31353A2261646D696E4061646D696E2E636F6D223B757365725F69647C733A313A2231223B6F6C645F6C6173745F6C6F67696E7C733A31303A2231353133323338383037223B);
INSERT INTO `ci_sessions` VALUES ('c59b44512fa59f32e4256517c9c8bc6d84e23847', '::1', 1516957367, 0x5F5F63695F6C6173745F726567656E65726174657C693A313531363935373331353B6964656E746974797C733A31353A2261646D696E4061646D696E2E636F6D223B656D61696C7C733A31353A2261646D696E4061646D696E2E636F6D223B757365725F69647C733A313A2231223B6F6C645F6C6173745F6C6F67696E7C733A31303A2231353136313934303137223B);
INSERT INTO `ci_sessions` VALUES ('06517cf0cba003f535d95ab084514871d2a6f455', '::1', 1517219823, 0x5F5F63695F6C6173745F726567656E65726174657C693A313531373231393736353B6964656E746974797C733A31353A2261646D696E4061646D696E2E636F6D223B656D61696C7C733A31353A2261646D696E4061646D696E2E636F6D223B757365725F69647C733A313A2231223B6F6C645F6C6173745F6C6F67696E7C733A31303A2231353136393537333138223B);
INSERT INTO `ci_sessions` VALUES ('de455bf5cb159621de401a307c731d90f5fee39c', '::1', 1517233155, 0x5F5F63695F6C6173745F726567656E65726174657C693A313531373233333134353B6964656E746974797C733A31353A2261646D696E4061646D696E2E636F6D223B656D61696C7C733A31353A2261646D696E4061646D696E2E636F6D223B757365725F69647C733A313A2231223B6F6C645F6C6173745F6C6F67696E7C733A31303A2231353137323139373638223B);
INSERT INTO `ci_sessions` VALUES ('5acb232448a23ed6558e58e4eb525db63664203d', '::1', 1517233638, 0x5F5F63695F6C6173745F726567656E65726174657C693A313531373233333630303B6964656E746974797C733A31353A2261646D696E4061646D696E2E636F6D223B656D61696C7C733A31353A2261646D696E4061646D696E2E636F6D223B757365725F69647C733A313A2231223B6F6C645F6C6173745F6C6F67696E7C733A31303A2231353137323139373638223B);
INSERT INTO `ci_sessions` VALUES ('db5882d8e809cfd1034efc8af576029c17e15004', '::1', 1517235532, 0x5F5F63695F6C6173745F726567656E65726174657C693A313531373233353235343B6964656E746974797C733A31353A2261646D696E4061646D696E2E636F6D223B656D61696C7C733A31353A2261646D696E4061646D696E2E636F6D223B757365725F69647C733A313A2231223B6F6C645F6C6173745F6C6F67696E7C733A31303A2231353137323139373638223B);
INSERT INTO `ci_sessions` VALUES ('6b76d670342b576b064110ca8a5bb7ddbaf687e3', '::1', 1517235662, 0x5F5F63695F6C6173745F726567656E65726174657C693A313531373233353536303B6964656E746974797C733A31353A2261646D696E4061646D696E2E636F6D223B656D61696C7C733A31353A2261646D696E4061646D696E2E636F6D223B757365725F69647C733A313A2231223B6F6C645F6C6173745F6C6F67696E7C733A31303A2231353137323139373638223B);
INSERT INTO `ci_sessions` VALUES ('c1c40405ef224676a8a0d61e1738b4543dee81b0', '::1', 1517886055, 0x5F5F63695F6C6173745F726567656E65726174657C693A313531373838353735373B6964656E746974797C733A31353A2261646D696E4061646D696E2E636F6D223B656D61696C7C733A31353A2261646D696E4061646D696E2E636F6D223B757365725F69647C733A313A2231223B6F6C645F6C6173745F6C6F67696E7C733A31303A2231353137323333313438223B);
INSERT INTO `ci_sessions` VALUES ('af0ed1e6d70d23de7a6335e7c4963ed8b56be674', '::1', 1517886175, 0x5F5F63695F6C6173745F726567656E65726174657C693A313531373838363036313B6964656E746974797C733A31353A2261646D696E4061646D696E2E636F6D223B656D61696C7C733A31353A2261646D696E4061646D696E2E636F6D223B757365725F69647C733A313A2231223B6F6C645F6C6173745F6C6F67696E7C733A31303A2231353137323333313438223B);
INSERT INTO `ci_sessions` VALUES ('1200bdf4c4b191ee1b42e6ff7fc3e58893b87b70', '::1', 1517898795, 0x5F5F63695F6C6173745F726567656E65726174657C693A313531373839383738353B6964656E746974797C733A31353A2261646D696E4061646D696E2E636F6D223B656D61696C7C733A31353A2261646D696E4061646D696E2E636F6D223B757365725F69647C733A313A2231223B6F6C645F6C6173745F6C6F67696E7C733A31303A2231353137383835373630223B);
INSERT INTO `ci_sessions` VALUES ('075c17d5855914c16b604ccd535d67691da0da94', '::1', 1517901449, 0x5F5F63695F6C6173745F726567656E65726174657C693A313531373839393839303B6964656E746974797C733A31353A2261646D696E4061646D696E2E636F6D223B656D61696C7C733A31353A2261646D696E4061646D696E2E636F6D223B757365725F69647C733A313A2231223B6F6C645F6C6173745F6C6F67696E7C733A31303A2231353137383835373630223B);
INSERT INTO `ci_sessions` VALUES ('15d190662088b360d9be23afdc1db04e768aac69', '::1', 1518192750, 0x5F5F63695F6C6173745F726567656E65726174657C693A313531383139323733343B6964656E746974797C733A31353A2261646D696E4061646D696E2E636F6D223B656D61696C7C733A31353A2261646D696E4061646D696E2E636F6D223B757365725F69647C733A313A2231223B6F6C645F6C6173745F6C6F67696E7C733A31303A2231353137383938373838223B);
INSERT INTO `ci_sessions` VALUES ('88e110175901422ed58403df2b3281b6c29c7751', '::1', 1519093595, 0x5F5F63695F6C6173745F726567656E65726174657C693A313531393039333531383B6964656E746974797C733A31353A2261646D696E4061646D696E2E636F6D223B656D61696C7C733A31353A2261646D696E4061646D696E2E636F6D223B757365725F69647C733A313A2231223B6F6C645F6C6173745F6C6F67696E7C733A31303A2231353138313932373337223B);
INSERT INTO `ci_sessions` VALUES ('a0a22aab11716e40e4ec99ff06dd39ba6ae23b19', '::1', 1519280962, 0x5F5F63695F6C6173745F726567656E65726174657C693A313531393238303838343B6964656E746974797C733A31353A2261646D696E4061646D696E2E636F6D223B656D61696C7C733A31353A2261646D696E4061646D696E2E636F6D223B757365725F69647C733A313A2231223B6F6C645F6C6173745F6C6F67696E7C733A31303A2231353139303933353336223B637372666B65797C733A383A224759337135747369223B5F5F63695F766172737C613A323A7B733A373A22637372666B6579223B733A333A226F6C64223B733A393A226373726676616C7565223B733A333A226F6C64223B7D6373726676616C75657C733A32303A2276537265786D6B67594463435A4B5058314F3542223B);
INSERT INTO `ci_sessions` VALUES ('715d1f491871b01bd84eba5244b0482c08e0edaf', '::1', 1519281110, 0x5F5F63695F6C6173745F726567656E65726174657C693A313531393238313034343B6964656E746974797C733A31353A2261646D696E4061646D696E2E636F6D223B656D61696C7C733A31353A2261646D696E4061646D696E2E636F6D223B757365725F69647C733A313A2231223B6F6C645F6C6173745F6C6F67696E7C733A31303A2231353139323830393133223B);
INSERT INTO `ci_sessions` VALUES ('c7e4ece1943a0c3491071be0d5f60eb4ac3385e7', '::1', 1519282357, 0x5F5F63695F6C6173745F726567656E65726174657C693A313531393238323331343B6964656E746974797C733A31353A2261646D696E4061646D696E2E636F6D223B656D61696C7C733A31353A2261646D696E4061646D696E2E636F6D223B757365725F69647C733A313A2231223B6F6C645F6C6173745F6C6F67696E7C733A31303A2231353139303933353336223B);
INSERT INTO `ci_sessions` VALUES ('b36226cec22da065c2c458ca9eba2c709002d94d', '::1', 1519837496, 0x5F5F63695F6C6173745F726567656E65726174657C693A313531393833373435363B6964656E746974797C733A31353A2261646D696E4061646D696E2E636F6D223B656D61696C7C733A31353A2261646D696E4061646D696E2E636F6D223B757365725F69647C733A313A2231223B6F6C645F6C6173745F6C6F67696E7C733A31303A2231353139323831303737223B);
INSERT INTO `ci_sessions` VALUES ('2a1c5f92eababbddf470c095bc147f746ceac482', '::1', 1520320610, 0x5F5F63695F6C6173745F726567656E65726174657C693A313532303332303337363B6964656E746974797C733A31353A2261646D696E4061646D696E2E636F6D223B656D61696C7C733A31353A2261646D696E4061646D696E2E636F6D223B757365725F69647C733A313A2231223B6F6C645F6C6173745F6C6F67696E7C733A31303A2231353139383337343630223B);
INSERT INTO `ci_sessions` VALUES ('d433e28d3393208fe9124a2339abb912bb610dc7', '::1', 1520321214, 0x5F5F63695F6C6173745F726567656E65726174657C693A313532303332303931343B6964656E746974797C733A31353A2261646D696E4061646D696E2E636F6D223B656D61696C7C733A31353A2261646D696E4061646D696E2E636F6D223B757365725F69647C733A313A2231223B6F6C645F6C6173745F6C6F67696E7C733A31303A2231353139383337343630223B);
INSERT INTO `ci_sessions` VALUES ('38fb60de03d925015e232efa793a0480cd19f72a', '::1', 1520321236, 0x5F5F63695F6C6173745F726567656E65726174657C693A313532303332313233363B6964656E746974797C733A31353A2261646D696E4061646D696E2E636F6D223B656D61696C7C733A31353A2261646D696E4061646D696E2E636F6D223B757365725F69647C733A313A2231223B6F6C645F6C6173745F6C6F67696E7C733A31303A2231353139383337343630223B);
INSERT INTO `ci_sessions` VALUES ('8712500bd162f01eb3036a086af36db583ae76cc', '::1', 1520321663, 0x5F5F63695F6C6173745F726567656E65726174657C693A313532303332313636323B6964656E746974797C733A31353A2261646D696E4061646D696E2E636F6D223B656D61696C7C733A31353A2261646D696E4061646D696E2E636F6D223B757365725F69647C733A313A2231223B6F6C645F6C6173745F6C6F67696E7C733A31303A2231353139383337343630223B);
INSERT INTO `ci_sessions` VALUES ('cb15c7e408f2ea8a6fd5cfccf41a3a09c975a0e2', '::1', 1520321968, 0x5F5F63695F6C6173745F726567656E65726174657C693A313532303332313936373B6964656E746974797C733A31353A2261646D696E4061646D696E2E636F6D223B656D61696C7C733A31353A2261646D696E4061646D696E2E636F6D223B757365725F69647C733A313A2231223B6F6C645F6C6173745F6C6F67696E7C733A31303A2231353139383337343630223B);
INSERT INTO `ci_sessions` VALUES ('9e83bcb2585412cb9d15ed78d82ecc166cfa2df6', '::1', 1520322273, 0x5F5F63695F6C6173745F726567656E65726174657C693A313532303332323237323B6964656E746974797C733A31353A2261646D696E4061646D696E2E636F6D223B656D61696C7C733A31353A2261646D696E4061646D696E2E636F6D223B757365725F69647C733A313A2231223B6F6C645F6C6173745F6C6F67696E7C733A31303A2231353139383337343630223B);
INSERT INTO `ci_sessions` VALUES ('1dc0ea52605ad47b9a351dd595958d59973937f2', '::1', 1520322578, 0x5F5F63695F6C6173745F726567656E65726174657C693A313532303332323537373B6964656E746974797C733A31353A2261646D696E4061646D696E2E636F6D223B656D61696C7C733A31353A2261646D696E4061646D696E2E636F6D223B757365725F69647C733A313A2231223B6F6C645F6C6173745F6C6F67696E7C733A31303A2231353139383337343630223B);
INSERT INTO `ci_sessions` VALUES ('792f70f70e66d45aa0e7c7953bef3c267f8327a9', '::1', 1520322883, 0x5F5F63695F6C6173745F726567656E65726174657C693A313532303332323838323B6964656E746974797C733A31353A2261646D696E4061646D696E2E636F6D223B656D61696C7C733A31353A2261646D696E4061646D696E2E636F6D223B757365725F69647C733A313A2231223B6F6C645F6C6173745F6C6F67696E7C733A31303A2231353139383337343630223B);
INSERT INTO `ci_sessions` VALUES ('3cd2a4231a00f1026ce994f26eaa56ee28cc01a2', '::1', 1520323187, 0x5F5F63695F6C6173745F726567656E65726174657C693A313532303332333138373B6964656E746974797C733A31353A2261646D696E4061646D696E2E636F6D223B656D61696C7C733A31353A2261646D696E4061646D696E2E636F6D223B757365725F69647C733A313A2231223B6F6C645F6C6173745F6C6F67696E7C733A31303A2231353139383337343630223B);
INSERT INTO `ci_sessions` VALUES ('aa38c26f13d9acbd61df1460d35a7b17e6b58685', '::1', 1520323492, 0x5F5F63695F6C6173745F726567656E65726174657C693A313532303332333439323B6964656E746974797C733A31353A2261646D696E4061646D696E2E636F6D223B656D61696C7C733A31353A2261646D696E4061646D696E2E636F6D223B757365725F69647C733A313A2231223B6F6C645F6C6173745F6C6F67696E7C733A31303A2231353139383337343630223B);
INSERT INTO `ci_sessions` VALUES ('9450db4557bd702c13e23377fde95bdd500c2b9d', '::1', 1520323798, 0x5F5F63695F6C6173745F726567656E65726174657C693A313532303332333739373B6964656E746974797C733A31353A2261646D696E4061646D696E2E636F6D223B656D61696C7C733A31353A2261646D696E4061646D696E2E636F6D223B757365725F69647C733A313A2231223B6F6C645F6C6173745F6C6F67696E7C733A31303A2231353139383337343630223B);
INSERT INTO `ci_sessions` VALUES ('7e20b8c4d3116184e5d38caf791f99ed3cf0cd89', '::1', 1520324103, 0x5F5F63695F6C6173745F726567656E65726174657C693A313532303332343130323B6964656E746974797C733A31353A2261646D696E4061646D696E2E636F6D223B656D61696C7C733A31353A2261646D696E4061646D696E2E636F6D223B757365725F69647C733A313A2231223B6F6C645F6C6173745F6C6F67696E7C733A31303A2231353139383337343630223B);
INSERT INTO `ci_sessions` VALUES ('f6c4618673ff80e67f7fabf474fb546dc7e3f630', '::1', 1520324408, 0x5F5F63695F6C6173745F726567656E65726174657C693A313532303332343430373B6964656E746974797C733A31353A2261646D696E4061646D696E2E636F6D223B656D61696C7C733A31353A2261646D696E4061646D696E2E636F6D223B757365725F69647C733A313A2231223B6F6C645F6C6173745F6C6F67696E7C733A31303A2231353139383337343630223B);
INSERT INTO `ci_sessions` VALUES ('21fa10658dbb024ee4d0a9f299e56a685f70b04c', '::1', 1520324713, 0x5F5F63695F6C6173745F726567656E65726174657C693A313532303332343731323B6964656E746974797C733A31353A2261646D696E4061646D696E2E636F6D223B656D61696C7C733A31353A2261646D696E4061646D696E2E636F6D223B757365725F69647C733A313A2231223B6F6C645F6C6173745F6C6F67696E7C733A31303A2231353139383337343630223B);
INSERT INTO `ci_sessions` VALUES ('c426ca7edb5b254a9439a8b88a89286b8212c3ad', '::1', 1520325018, 0x5F5F63695F6C6173745F726567656E65726174657C693A313532303332353031373B6964656E746974797C733A31353A2261646D696E4061646D696E2E636F6D223B656D61696C7C733A31353A2261646D696E4061646D696E2E636F6D223B757365725F69647C733A313A2231223B6F6C645F6C6173745F6C6F67696E7C733A31303A2231353139383337343630223B);
INSERT INTO `ci_sessions` VALUES ('2c40d43520a84fa095c895ed6f632bb73d1ba19e', '::1', 1520325323, 0x5F5F63695F6C6173745F726567656E65726174657C693A313532303332353332323B6964656E746974797C733A31353A2261646D696E4061646D696E2E636F6D223B656D61696C7C733A31353A2261646D696E4061646D696E2E636F6D223B757365725F69647C733A313A2231223B6F6C645F6C6173745F6C6F67696E7C733A31303A2231353139383337343630223B);
INSERT INTO `ci_sessions` VALUES ('a56faf9d33689591b56efdbdfb36c7a4700bbfaf', '::1', 1520325628, 0x5F5F63695F6C6173745F726567656E65726174657C693A313532303332353632373B6964656E746974797C733A31353A2261646D696E4061646D696E2E636F6D223B656D61696C7C733A31353A2261646D696E4061646D696E2E636F6D223B757365725F69647C733A313A2231223B6F6C645F6C6173745F6C6F67696E7C733A31303A2231353139383337343630223B);
INSERT INTO `ci_sessions` VALUES ('c8ad86bdd84ab66569b59ca62f8ee3927ae0fa0f', '::1', 1520325933, 0x5F5F63695F6C6173745F726567656E65726174657C693A313532303332353933323B6964656E746974797C733A31353A2261646D696E4061646D696E2E636F6D223B656D61696C7C733A31353A2261646D696E4061646D696E2E636F6D223B757365725F69647C733A313A2231223B6F6C645F6C6173745F6C6F67696E7C733A31303A2231353139383337343630223B);
INSERT INTO `ci_sessions` VALUES ('3ede4a911ca7bde107406441f24b35a461597bb3', '::1', 1520326238, 0x5F5F63695F6C6173745F726567656E65726174657C693A313532303332363233373B6964656E746974797C733A31353A2261646D696E4061646D696E2E636F6D223B656D61696C7C733A31353A2261646D696E4061646D696E2E636F6D223B757365725F69647C733A313A2231223B6F6C645F6C6173745F6C6F67696E7C733A31303A2231353139383337343630223B);
INSERT INTO `ci_sessions` VALUES ('13ad527d3069b58dc42e7603a4cd5bf11f4e367e', '::1', 1520326543, 0x5F5F63695F6C6173745F726567656E65726174657C693A313532303332363534323B6964656E746974797C733A31353A2261646D696E4061646D696E2E636F6D223B656D61696C7C733A31353A2261646D696E4061646D696E2E636F6D223B757365725F69647C733A313A2231223B6F6C645F6C6173745F6C6F67696E7C733A31303A2231353139383337343630223B);
INSERT INTO `ci_sessions` VALUES ('30c2626938cefb07731c6cabc99741a8f3900caf', '::1', 1520326848, 0x5F5F63695F6C6173745F726567656E65726174657C693A313532303332363834373B6964656E746974797C733A31353A2261646D696E4061646D696E2E636F6D223B656D61696C7C733A31353A2261646D696E4061646D696E2E636F6D223B757365725F69647C733A313A2231223B6F6C645F6C6173745F6C6F67696E7C733A31303A2231353139383337343630223B);
INSERT INTO `ci_sessions` VALUES ('e32135070512e2820f779e02adf4240f024ae87f', '::1', 1520327153, 0x5F5F63695F6C6173745F726567656E65726174657C693A313532303332373135323B6964656E746974797C733A31353A2261646D696E4061646D696E2E636F6D223B656D61696C7C733A31353A2261646D696E4061646D696E2E636F6D223B757365725F69647C733A313A2231223B6F6C645F6C6173745F6C6F67696E7C733A31303A2231353139383337343630223B);
INSERT INTO `ci_sessions` VALUES ('4f89ff5f90c658ab7abd67e2e7379a991d0b85e0', '::1', 1520327458, 0x5F5F63695F6C6173745F726567656E65726174657C693A313532303332373435373B6964656E746974797C733A31353A2261646D696E4061646D696E2E636F6D223B656D61696C7C733A31353A2261646D696E4061646D696E2E636F6D223B757365725F69647C733A313A2231223B6F6C645F6C6173745F6C6F67696E7C733A31303A2231353139383337343630223B);
INSERT INTO `ci_sessions` VALUES ('26a76bc5d2316c6c6bf45342a61b9e95bf627c81', '::1', 1520327763, 0x5F5F63695F6C6173745F726567656E65726174657C693A313532303332373736323B6964656E746974797C733A31353A2261646D696E4061646D696E2E636F6D223B656D61696C7C733A31353A2261646D696E4061646D696E2E636F6D223B757365725F69647C733A313A2231223B6F6C645F6C6173745F6C6F67696E7C733A31303A2231353139383337343630223B);
INSERT INTO `ci_sessions` VALUES ('8ab7a3c50de34041e7015c3bba361b41064b6a56', '::1', 1520328068, 0x5F5F63695F6C6173745F726567656E65726174657C693A313532303332383036373B6964656E746974797C733A31353A2261646D696E4061646D696E2E636F6D223B656D61696C7C733A31353A2261646D696E4061646D696E2E636F6D223B757365725F69647C733A313A2231223B6F6C645F6C6173745F6C6F67696E7C733A31303A2231353139383337343630223B);
INSERT INTO `ci_sessions` VALUES ('daf60c205509b2b80ca018ab5b76e10d508dd2e2', '::1', 1520328373, 0x5F5F63695F6C6173745F726567656E65726174657C693A313532303332383337323B6964656E746974797C733A31353A2261646D696E4061646D696E2E636F6D223B656D61696C7C733A31353A2261646D696E4061646D696E2E636F6D223B757365725F69647C733A313A2231223B6F6C645F6C6173745F6C6F67696E7C733A31303A2231353139383337343630223B);
INSERT INTO `ci_sessions` VALUES ('95fe3bac261b4091269690d2a3c35ad89a80ed42', '::1', 1520328678, 0x5F5F63695F6C6173745F726567656E65726174657C693A313532303332383637373B6964656E746974797C733A31353A2261646D696E4061646D696E2E636F6D223B656D61696C7C733A31353A2261646D696E4061646D696E2E636F6D223B757365725F69647C733A313A2231223B6F6C645F6C6173745F6C6F67696E7C733A31303A2231353139383337343630223B);
INSERT INTO `ci_sessions` VALUES ('8c2af0656e247fb305a8500036b0569978451f07', '::1', 1520328983, 0x5F5F63695F6C6173745F726567656E65726174657C693A313532303332383938323B6964656E746974797C733A31353A2261646D696E4061646D696E2E636F6D223B656D61696C7C733A31353A2261646D696E4061646D696E2E636F6D223B757365725F69647C733A313A2231223B6F6C645F6C6173745F6C6F67696E7C733A31303A2231353139383337343630223B);
INSERT INTO `ci_sessions` VALUES ('743c8f4c4d3bade9733660d7f9edea34871c7cbf', '::1', 1520329288, 0x5F5F63695F6C6173745F726567656E65726174657C693A313532303332393238373B6964656E746974797C733A31353A2261646D696E4061646D696E2E636F6D223B656D61696C7C733A31353A2261646D696E4061646D696E2E636F6D223B757365725F69647C733A313A2231223B6F6C645F6C6173745F6C6F67696E7C733A31303A2231353139383337343630223B);
INSERT INTO `ci_sessions` VALUES ('b35a5ca72a1268b23343b61ba16fb3e6b445ee07', '::1', 1520329593, 0x5F5F63695F6C6173745F726567656E65726174657C693A313532303332393539323B6964656E746974797C733A31353A2261646D696E4061646D696E2E636F6D223B656D61696C7C733A31353A2261646D696E4061646D696E2E636F6D223B757365725F69647C733A313A2231223B6F6C645F6C6173745F6C6F67696E7C733A31303A2231353139383337343630223B);
INSERT INTO `ci_sessions` VALUES ('99fec2d644f2068aa8343d0f2313a68ae7c13f36', '::1', 1520329898, 0x5F5F63695F6C6173745F726567656E65726174657C693A313532303332393839373B6964656E746974797C733A31353A2261646D696E4061646D696E2E636F6D223B656D61696C7C733A31353A2261646D696E4061646D696E2E636F6D223B757365725F69647C733A313A2231223B6F6C645F6C6173745F6C6F67696E7C733A31303A2231353139383337343630223B);
INSERT INTO `ci_sessions` VALUES ('8aeed5d32519cfb1a9d09aa2207c6320f3e7ffc8', '::1', 1520330203, 0x5F5F63695F6C6173745F726567656E65726174657C693A313532303333303230323B6964656E746974797C733A31353A2261646D696E4061646D696E2E636F6D223B656D61696C7C733A31353A2261646D696E4061646D696E2E636F6D223B757365725F69647C733A313A2231223B6F6C645F6C6173745F6C6F67696E7C733A31303A2231353139383337343630223B);
INSERT INTO `ci_sessions` VALUES ('e932441b1928f1545323e6b1f6567fef59818f35', '::1', 1520330507, 0x5F5F63695F6C6173745F726567656E65726174657C693A313532303333303530373B6964656E746974797C733A31353A2261646D696E4061646D696E2E636F6D223B656D61696C7C733A31353A2261646D696E4061646D696E2E636F6D223B757365725F69647C733A313A2231223B6F6C645F6C6173745F6C6F67696E7C733A31303A2231353139383337343630223B);
INSERT INTO `ci_sessions` VALUES ('862519deba25771e4bc978dc90eef45a5af2accd', '::1', 1520331057, 0x5F5F63695F6C6173745F726567656E65726174657C693A313532303333313035363B6964656E746974797C733A31353A2261646D696E4061646D696E2E636F6D223B656D61696C7C733A31353A2261646D696E4061646D696E2E636F6D223B757365725F69647C733A313A2231223B6F6C645F6C6173745F6C6F67696E7C733A31303A2231353139383337343630223B);
INSERT INTO `ci_sessions` VALUES ('aa2c9891cf604282f903bd83bb8494a155392795', '::1', 1520331362, 0x5F5F63695F6C6173745F726567656E65726174657C693A313532303333313336313B6964656E746974797C733A31353A2261646D696E4061646D696E2E636F6D223B656D61696C7C733A31353A2261646D696E4061646D696E2E636F6D223B757365725F69647C733A313A2231223B6F6C645F6C6173745F6C6F67696E7C733A31303A2231353139383337343630223B);
INSERT INTO `ci_sessions` VALUES ('e7aab0b181320008a13fbd11e49099ac359ca743', '::1', 1520331667, 0x5F5F63695F6C6173745F726567656E65726174657C693A313532303333313636363B6964656E746974797C733A31353A2261646D696E4061646D696E2E636F6D223B656D61696C7C733A31353A2261646D696E4061646D696E2E636F6D223B757365725F69647C733A313A2231223B6F6C645F6C6173745F6C6F67696E7C733A31303A2231353139383337343630223B);
INSERT INTO `ci_sessions` VALUES ('7be1cb5a767e8c1c8cf61280e8e6011f82599db2', '::1', 1520331972, 0x5F5F63695F6C6173745F726567656E65726174657C693A313532303333313937313B6964656E746974797C733A31353A2261646D696E4061646D696E2E636F6D223B656D61696C7C733A31353A2261646D696E4061646D696E2E636F6D223B757365725F69647C733A313A2231223B6F6C645F6C6173745F6C6F67696E7C733A31303A2231353139383337343630223B);
INSERT INTO `ci_sessions` VALUES ('5ec7226ef88b74ef3253073902f0e01d24c8d45f', '::1', 1520332277, 0x5F5F63695F6C6173745F726567656E65726174657C693A313532303333323237363B6964656E746974797C733A31353A2261646D696E4061646D696E2E636F6D223B656D61696C7C733A31353A2261646D696E4061646D696E2E636F6D223B757365725F69647C733A313A2231223B6F6C645F6C6173745F6C6F67696E7C733A31303A2231353139383337343630223B);
INSERT INTO `ci_sessions` VALUES ('52f4ba90b8861fc598ae64b8985334fb8342eb3a', '::1', 1520332581, 0x5F5F63695F6C6173745F726567656E65726174657C693A313532303333323538313B6964656E746974797C733A31353A2261646D696E4061646D696E2E636F6D223B656D61696C7C733A31353A2261646D696E4061646D696E2E636F6D223B757365725F69647C733A313A2231223B6F6C645F6C6173745F6C6F67696E7C733A31303A2231353139383337343630223B);
INSERT INTO `ci_sessions` VALUES ('940b1fecd2fdc1b49206989cd9679a340189bef0', '::1', 1520332887, 0x5F5F63695F6C6173745F726567656E65726174657C693A313532303333323838363B6964656E746974797C733A31353A2261646D696E4061646D696E2E636F6D223B656D61696C7C733A31353A2261646D696E4061646D696E2E636F6D223B757365725F69647C733A313A2231223B6F6C645F6C6173745F6C6F67696E7C733A31303A2231353139383337343630223B);
INSERT INTO `ci_sessions` VALUES ('bd6d4e2536c540960681ae0843d74a35e97fd9fe', '::1', 1520333192, 0x5F5F63695F6C6173745F726567656E65726174657C693A313532303333333139313B6964656E746974797C733A31353A2261646D696E4061646D696E2E636F6D223B656D61696C7C733A31353A2261646D696E4061646D696E2E636F6D223B757365725F69647C733A313A2231223B6F6C645F6C6173745F6C6F67696E7C733A31303A2231353139383337343630223B);
INSERT INTO `ci_sessions` VALUES ('c9bfa08625487a5730090653dceb379f4b7880ed', '::1', 1523324998, 0x5F5F63695F6C6173745F726567656E65726174657C693A313532333332343737333B6964656E746974797C733A31353A2261646D696E4061646D696E2E636F6D223B656D61696C7C733A31353A2261646D696E4061646D696E2E636F6D223B757365725F69647C733A313A2231223B6F6C645F6C6173745F6C6F67696E7C733A31303A2231353230333230333739223B);
INSERT INTO `ci_sessions` VALUES ('3308c8506e5ff9481b8dd6d36859fc0e10a1d8fa', '::1', 1523325459, 0x5F5F63695F6C6173745F726567656E65726174657C693A313532333332353339353B6964656E746974797C733A31353A2261646D696E4061646D696E2E636F6D223B656D61696C7C733A31353A2261646D696E4061646D696E2E636F6D223B757365725F69647C733A313A2231223B6F6C645F6C6173745F6C6F67696E7C733A31303A2231353230333230333739223B);
INSERT INTO `ci_sessions` VALUES ('742910c75146240e589098ae9e0edabcd2870430', '::1', 1523325945, 0x5F5F63695F6C6173745F726567656E65726174657C693A313532333332353934353B6964656E746974797C733A31353A2261646D696E4061646D696E2E636F6D223B656D61696C7C733A31353A2261646D696E4061646D696E2E636F6D223B757365725F69647C733A313A2231223B6F6C645F6C6173745F6C6F67696E7C733A31303A2231353230333230333739223B);
INSERT INTO `ci_sessions` VALUES ('5be09b49ccca3fd8e0bdd09397f918ab176a9ae5', '::1', 1523326250, 0x5F5F63695F6C6173745F726567656E65726174657C693A313532333332363235303B6964656E746974797C733A31353A2261646D696E4061646D696E2E636F6D223B656D61696C7C733A31353A2261646D696E4061646D696E2E636F6D223B757365725F69647C733A313A2231223B6F6C645F6C6173745F6C6F67696E7C733A31303A2231353230333230333739223B);
INSERT INTO `ci_sessions` VALUES ('14cad79058e02c7c6eb1f358d614c0bc3eff13ae', '::1', 1523326555, 0x5F5F63695F6C6173745F726567656E65726174657C693A313532333332363535353B6964656E746974797C733A31353A2261646D696E4061646D696E2E636F6D223B656D61696C7C733A31353A2261646D696E4061646D696E2E636F6D223B757365725F69647C733A313A2231223B6F6C645F6C6173745F6C6F67696E7C733A31303A2231353230333230333739223B);
INSERT INTO `ci_sessions` VALUES ('5152e913767294431bc076a9e999b846d6507033', '::1', 1524110821, 0x5F5F63695F6C6173745F726567656E65726174657C693A313532343131303832303B);
INSERT INTO `ci_sessions` VALUES ('ae8c094c3be6e16a79839275ec7d634e077cedba', '::1', 1524110870, 0x5F5F63695F6C6173745F726567656E65726174657C693A313532343131303832313B6964656E746974797C733A31353A2261646D696E4061646D696E2E636F6D223B656D61696C7C733A31353A2261646D696E4061646D696E2E636F6D223B757365725F69647C733A313A2231223B6F6C645F6C6173745F6C6F67696E7C733A31303A2231353234313130383134223B);
INSERT INTO `ci_sessions` VALUES ('2a47db71afb5d0a7a1c3057886b640fec8a3399d', '::1', 1524111476, 0x5F5F63695F6C6173745F726567656E65726174657C693A313532343131313437363B6964656E746974797C733A31353A2261646D696E4061646D696E2E636F6D223B656D61696C7C733A31353A2261646D696E4061646D696E2E636F6D223B757365725F69647C733A313A2231223B6F6C645F6C6173745F6C6F67696E7C733A31303A2231353234313130383134223B);
INSERT INTO `ci_sessions` VALUES ('d3d32485e3a3f872e80fd8a0f8f1d6999e5e6ae4', '::1', 1524111964, 0x5F5F63695F6C6173745F726567656E65726174657C693A313532343131313936343B6964656E746974797C733A31353A2261646D696E4061646D696E2E636F6D223B656D61696C7C733A31353A2261646D696E4061646D696E2E636F6D223B757365725F69647C733A313A2231223B6F6C645F6C6173745F6C6F67696E7C733A31303A2231353234313130383134223B);
INSERT INTO `ci_sessions` VALUES ('5542ceff7c63d51af695bbab6c830c526c5c1346', '::1', 1524112452, 0x5F5F63695F6C6173745F726567656E65726174657C693A313532343131323435323B6964656E746974797C733A31353A2261646D696E4061646D696E2E636F6D223B656D61696C7C733A31353A2261646D696E4061646D696E2E636F6D223B757365725F69647C733A313A2231223B6F6C645F6C6173745F6C6F67696E7C733A31303A2231353234313130383134223B);
INSERT INTO `ci_sessions` VALUES ('a468789ad4c41f5e6ba1f2f999cb750a1b9bd035', '::1', 1524112997, 0x5F5F63695F6C6173745F726567656E65726174657C693A313532343131323939373B6964656E746974797C733A31353A2261646D696E4061646D696E2E636F6D223B656D61696C7C733A31353A2261646D696E4061646D696E2E636F6D223B757365725F69647C733A313A2231223B6F6C645F6C6173745F6C6F67696E7C733A31303A2231353234313130383134223B);
INSERT INTO `ci_sessions` VALUES ('23e8c98ddc77a49ee8adfb7bbe040805de133e97', '::1', 1524113363, 0x5F5F63695F6C6173745F726567656E65726174657C693A313532343131333336333B6964656E746974797C733A31353A2261646D696E4061646D696E2E636F6D223B656D61696C7C733A31353A2261646D696E4061646D696E2E636F6D223B757365725F69647C733A313A2231223B6F6C645F6C6173745F6C6F67696E7C733A31303A2231353234313130383134223B);
INSERT INTO `ci_sessions` VALUES ('558a7f3dc5e687b2bb9f93a619badde78bc185c3', '::1', 1524113668, 0x5F5F63695F6C6173745F726567656E65726174657C693A313532343131333636383B6964656E746974797C733A31353A2261646D696E4061646D696E2E636F6D223B656D61696C7C733A31353A2261646D696E4061646D696E2E636F6D223B757365725F69647C733A313A2231223B6F6C645F6C6173745F6C6F67696E7C733A31303A2231353234313130383134223B);
INSERT INTO `ci_sessions` VALUES ('43d4f24de89139759b44c27f3b2f2ce0e017b3a3', '::1', 1524114071, 0x5F5F63695F6C6173745F726567656E65726174657C693A313532343131343032363B6964656E746974797C733A31353A2261646D696E4061646D696E2E636F6D223B656D61696C7C733A31353A2261646D696E4061646D696E2E636F6D223B757365725F69647C733A313A2231223B6F6C645F6C6173745F6C6F67696E7C733A31303A2231353234313130383134223B);
INSERT INTO `ci_sessions` VALUES ('39f1f43f0a0550289400b2abdf8727da351f9e15', '::1', 1524114377, 0x5F5F63695F6C6173745F726567656E65726174657C693A313532343131343337373B6964656E746974797C733A31353A2261646D696E4061646D696E2E636F6D223B656D61696C7C733A31353A2261646D696E4061646D696E2E636F6D223B757365725F69647C733A313A2231223B6F6C645F6C6173745F6C6F67696E7C733A31303A2231353234313130383134223B);
INSERT INTO `ci_sessions` VALUES ('3462d7c73a938b7f86e76bbb8cccedc2d48c636d', '::1', 1524114682, 0x5F5F63695F6C6173745F726567656E65726174657C693A313532343131343638323B6964656E746974797C733A31353A2261646D696E4061646D696E2E636F6D223B656D61696C7C733A31353A2261646D696E4061646D696E2E636F6D223B757365725F69647C733A313A2231223B6F6C645F6C6173745F6C6F67696E7C733A31303A2231353234313130383134223B);
INSERT INTO `ci_sessions` VALUES ('5703d7bb02c88961a27509f902adf65eac17351b', '::1', 1524114987, 0x5F5F63695F6C6173745F726567656E65726174657C693A313532343131343938373B6964656E746974797C733A31353A2261646D696E4061646D696E2E636F6D223B656D61696C7C733A31353A2261646D696E4061646D696E2E636F6D223B757365725F69647C733A313A2231223B6F6C645F6C6173745F6C6F67696E7C733A31303A2231353234313130383134223B);
INSERT INTO `ci_sessions` VALUES ('c39f19946289cfe35208d560c7eb8fa18ea4416f', '::1', 1524115292, 0x5F5F63695F6C6173745F726567656E65726174657C693A313532343131353239323B6964656E746974797C733A31353A2261646D696E4061646D696E2E636F6D223B656D61696C7C733A31353A2261646D696E4061646D696E2E636F6D223B757365725F69647C733A313A2231223B6F6C645F6C6173745F6C6F67696E7C733A31303A2231353234313130383134223B);
INSERT INTO `ci_sessions` VALUES ('467c43f656ebf8654794ddfc3e5715499be99840', '::1', 1524115597, 0x5F5F63695F6C6173745F726567656E65726174657C693A313532343131353539373B6964656E746974797C733A31353A2261646D696E4061646D696E2E636F6D223B656D61696C7C733A31353A2261646D696E4061646D696E2E636F6D223B757365725F69647C733A313A2231223B6F6C645F6C6173745F6C6F67696E7C733A31303A2231353234313130383134223B);
INSERT INTO `ci_sessions` VALUES ('024ab90232820191649520a7b200d3b27915abb8', '::1', 1524115902, 0x5F5F63695F6C6173745F726567656E65726174657C693A313532343131353930323B6964656E746974797C733A31353A2261646D696E4061646D696E2E636F6D223B656D61696C7C733A31353A2261646D696E4061646D696E2E636F6D223B757365725F69647C733A313A2231223B6F6C645F6C6173745F6C6F67696E7C733A31303A2231353234313130383134223B);
INSERT INTO `ci_sessions` VALUES ('e2810e6b932163062a27956f4bcc80dc712c9672', '::1', 1524116207, 0x5F5F63695F6C6173745F726567656E65726174657C693A313532343131363230373B6964656E746974797C733A31353A2261646D696E4061646D696E2E636F6D223B656D61696C7C733A31353A2261646D696E4061646D696E2E636F6D223B757365725F69647C733A313A2231223B6F6C645F6C6173745F6C6F67696E7C733A31303A2231353234313130383134223B);
INSERT INTO `ci_sessions` VALUES ('a0c5a6b823646b7dbc43d1d9e2bf6f3a3d7484ee', '::1', 1524116512, 0x5F5F63695F6C6173745F726567656E65726174657C693A313532343131363531323B6964656E746974797C733A31353A2261646D696E4061646D696E2E636F6D223B656D61696C7C733A31353A2261646D696E4061646D696E2E636F6D223B757365725F69647C733A313A2231223B6F6C645F6C6173745F6C6F67696E7C733A31303A2231353234313130383134223B);
INSERT INTO `ci_sessions` VALUES ('e3f45006a7e7bc80626daa50d07c1730c29d9920', '::1', 1524116817, 0x5F5F63695F6C6173745F726567656E65726174657C693A313532343131363831373B6964656E746974797C733A31353A2261646D696E4061646D696E2E636F6D223B656D61696C7C733A31353A2261646D696E4061646D696E2E636F6D223B757365725F69647C733A313A2231223B6F6C645F6C6173745F6C6F67696E7C733A31303A2231353234313130383134223B);
INSERT INTO `ci_sessions` VALUES ('ecd069bfa4fbe1fe46af8b17f6058d7cecb799b2', '::1', 1524117122, 0x5F5F63695F6C6173745F726567656E65726174657C693A313532343131373132323B6964656E746974797C733A31353A2261646D696E4061646D696E2E636F6D223B656D61696C7C733A31353A2261646D696E4061646D696E2E636F6D223B757365725F69647C733A313A2231223B6F6C645F6C6173745F6C6F67696E7C733A31303A2231353234313130383134223B);
INSERT INTO `ci_sessions` VALUES ('49ffe646d46010e8bc00582a37eccaef3639ff01', '::1', 1524117427, 0x5F5F63695F6C6173745F726567656E65726174657C693A313532343131373432373B6964656E746974797C733A31353A2261646D696E4061646D696E2E636F6D223B656D61696C7C733A31353A2261646D696E4061646D696E2E636F6D223B757365725F69647C733A313A2231223B6F6C645F6C6173745F6C6F67696E7C733A31303A2231353234313130383134223B);
INSERT INTO `ci_sessions` VALUES ('936558ae2c67ee30683af84f038f4c160cd03fdf', '::1', 1524117732, 0x5F5F63695F6C6173745F726567656E65726174657C693A313532343131373733323B6964656E746974797C733A31353A2261646D696E4061646D696E2E636F6D223B656D61696C7C733A31353A2261646D696E4061646D696E2E636F6D223B757365725F69647C733A313A2231223B6F6C645F6C6173745F6C6F67696E7C733A31303A2231353234313130383134223B);
INSERT INTO `ci_sessions` VALUES ('5565ba95e19de3b7be648ab226e9bed55a596366', '::1', 1524118037, 0x5F5F63695F6C6173745F726567656E65726174657C693A313532343131383033373B6964656E746974797C733A31353A2261646D696E4061646D696E2E636F6D223B656D61696C7C733A31353A2261646D696E4061646D696E2E636F6D223B757365725F69647C733A313A2231223B6F6C645F6C6173745F6C6F67696E7C733A31303A2231353234313130383134223B);
INSERT INTO `ci_sessions` VALUES ('71f4625d588459c400cc7d6e94c03818f6cc9f90', '::1', 1524118342, 0x5F5F63695F6C6173745F726567656E65726174657C693A313532343131383334323B6964656E746974797C733A31353A2261646D696E4061646D696E2E636F6D223B656D61696C7C733A31353A2261646D696E4061646D696E2E636F6D223B757365725F69647C733A313A2231223B6F6C645F6C6173745F6C6F67696E7C733A31303A2231353234313130383134223B);
INSERT INTO `ci_sessions` VALUES ('873a94a06ca40586bb0048f68d24812056fa043c', '::1', 1524118830, 0x5F5F63695F6C6173745F726567656E65726174657C693A313532343131383833303B6964656E746974797C733A31353A2261646D696E4061646D696E2E636F6D223B656D61696C7C733A31353A2261646D696E4061646D696E2E636F6D223B757365725F69647C733A313A2231223B6F6C645F6C6173745F6C6F67696E7C733A31303A2231353234313130383134223B);
INSERT INTO `ci_sessions` VALUES ('d30925123719343a6e0318cb0aaebd32d4af2bb9', '::1', 1524119135, 0x5F5F63695F6C6173745F726567656E65726174657C693A313532343131393133353B6964656E746974797C733A31353A2261646D696E4061646D696E2E636F6D223B656D61696C7C733A31353A2261646D696E4061646D696E2E636F6D223B757365725F69647C733A313A2231223B6F6C645F6C6173745F6C6F67696E7C733A31303A2231353234313130383134223B);
INSERT INTO `ci_sessions` VALUES ('9dd49d6161134e6683cd3ac10547f5fb26b6877c', '::1', 1524119440, 0x5F5F63695F6C6173745F726567656E65726174657C693A313532343131393434303B6964656E746974797C733A31353A2261646D696E4061646D696E2E636F6D223B656D61696C7C733A31353A2261646D696E4061646D696E2E636F6D223B757365725F69647C733A313A2231223B6F6C645F6C6173745F6C6F67696E7C733A31303A2231353234313130383134223B);
INSERT INTO `ci_sessions` VALUES ('6fea921c69708a932eb7a82064117ce9164f6c5f', '::1', 1524119745, 0x5F5F63695F6C6173745F726567656E65726174657C693A313532343131393734353B6964656E746974797C733A31353A2261646D696E4061646D696E2E636F6D223B656D61696C7C733A31353A2261646D696E4061646D696E2E636F6D223B757365725F69647C733A313A2231223B6F6C645F6C6173745F6C6F67696E7C733A31303A2231353234313130383134223B);
INSERT INTO `ci_sessions` VALUES ('6f074e7da809f098c92d82c60925bca22ddc5d81', '::1', 1524120050, 0x5F5F63695F6C6173745F726567656E65726174657C693A313532343132303035303B6964656E746974797C733A31353A2261646D696E4061646D696E2E636F6D223B656D61696C7C733A31353A2261646D696E4061646D696E2E636F6D223B757365725F69647C733A313A2231223B6F6C645F6C6173745F6C6F67696E7C733A31303A2231353234313130383134223B);
INSERT INTO `ci_sessions` VALUES ('c9addcecbd0dc860d1c14ee6d9f8d740c516a11b', '::1', 1524120355, 0x5F5F63695F6C6173745F726567656E65726174657C693A313532343132303335353B6964656E746974797C733A31353A2261646D696E4061646D696E2E636F6D223B656D61696C7C733A31353A2261646D696E4061646D696E2E636F6D223B757365725F69647C733A313A2231223B6F6C645F6C6173745F6C6F67696E7C733A31303A2231353234313130383134223B);
INSERT INTO `ci_sessions` VALUES ('078a90d339d8042954b06419a6000bba7e9801fa', '::1', 1524120660, 0x5F5F63695F6C6173745F726567656E65726174657C693A313532343132303636303B6964656E746974797C733A31353A2261646D696E4061646D696E2E636F6D223B656D61696C7C733A31353A2261646D696E4061646D696E2E636F6D223B757365725F69647C733A313A2231223B6F6C645F6C6173745F6C6F67696E7C733A31303A2231353234313130383134223B);
INSERT INTO `ci_sessions` VALUES ('4028fdd66178e6c76389258e976cf073e81e4cb2', '::1', 1524120965, 0x5F5F63695F6C6173745F726567656E65726174657C693A313532343132303936353B6964656E746974797C733A31353A2261646D696E4061646D696E2E636F6D223B656D61696C7C733A31353A2261646D696E4061646D696E2E636F6D223B757365725F69647C733A313A2231223B6F6C645F6C6173745F6C6F67696E7C733A31303A2231353234313130383134223B);
INSERT INTO `ci_sessions` VALUES ('44f8b28182c6d190eb9cc18d6196a5890646667b', '::1', 1524121270, 0x5F5F63695F6C6173745F726567656E65726174657C693A313532343132313237303B6964656E746974797C733A31353A2261646D696E4061646D696E2E636F6D223B656D61696C7C733A31353A2261646D696E4061646D696E2E636F6D223B757365725F69647C733A313A2231223B6F6C645F6C6173745F6C6F67696E7C733A31303A2231353234313130383134223B);
INSERT INTO `ci_sessions` VALUES ('b7538f596321968bc78e0c4c91a56e3cee54ac21', '::1', 1524121575, 0x5F5F63695F6C6173745F726567656E65726174657C693A313532343132313537353B6964656E746974797C733A31353A2261646D696E4061646D696E2E636F6D223B656D61696C7C733A31353A2261646D696E4061646D696E2E636F6D223B757365725F69647C733A313A2231223B6F6C645F6C6173745F6C6F67696E7C733A31303A2231353234313130383134223B);
INSERT INTO `ci_sessions` VALUES ('9476c1d5d0f006b0e0da80bc6f8b13203d45be2a', '::1', 1524121880, 0x5F5F63695F6C6173745F726567656E65726174657C693A313532343132313838303B6964656E746974797C733A31353A2261646D696E4061646D696E2E636F6D223B656D61696C7C733A31353A2261646D696E4061646D696E2E636F6D223B757365725F69647C733A313A2231223B6F6C645F6C6173745F6C6F67696E7C733A31303A2231353234313130383134223B);
INSERT INTO `ci_sessions` VALUES ('ac5efac199dfeaa58176602b376dd7776d6e0dd9', '::1', 1524122185, 0x5F5F63695F6C6173745F726567656E65726174657C693A313532343132323138353B6964656E746974797C733A31353A2261646D696E4061646D696E2E636F6D223B656D61696C7C733A31353A2261646D696E4061646D696E2E636F6D223B757365725F69647C733A313A2231223B6F6C645F6C6173745F6C6F67696E7C733A31303A2231353234313130383134223B);
INSERT INTO `ci_sessions` VALUES ('0e5167280629ead1358e1a03c1aee83a72296455', '::1', 1524122490, 0x5F5F63695F6C6173745F726567656E65726174657C693A313532343132323439303B6964656E746974797C733A31353A2261646D696E4061646D696E2E636F6D223B656D61696C7C733A31353A2261646D696E4061646D696E2E636F6D223B757365725F69647C733A313A2231223B6F6C645F6C6173745F6C6F67696E7C733A31303A2231353234313130383134223B);
INSERT INTO `ci_sessions` VALUES ('bf8bc8a6e64c46f489511e2777a12aea6d0a5efa', '::1', 1524123217, 0x5F5F63695F6C6173745F726567656E65726174657C693A313532343132333231373B6964656E746974797C733A31353A2261646D696E4061646D696E2E636F6D223B656D61696C7C733A31353A2261646D696E4061646D696E2E636F6D223B757365725F69647C733A313A2231223B6F6C645F6C6173745F6C6F67696E7C733A31303A2231353234313130383134223B);
INSERT INTO `ci_sessions` VALUES ('4242276ce25776c3caa78602f6a204f1c10977c4', '::1', 1524123522, 0x5F5F63695F6C6173745F726567656E65726174657C693A313532343132333532323B6964656E746974797C733A31353A2261646D696E4061646D696E2E636F6D223B656D61696C7C733A31353A2261646D696E4061646D696E2E636F6D223B757365725F69647C733A313A2231223B6F6C645F6C6173745F6C6F67696E7C733A31303A2231353234313130383134223B);
INSERT INTO `ci_sessions` VALUES ('c321831a3d41f0f95472deb1033884fdf7cbfef0', '::1', 1524123827, 0x5F5F63695F6C6173745F726567656E65726174657C693A313532343132333832373B6964656E746974797C733A31353A2261646D696E4061646D696E2E636F6D223B656D61696C7C733A31353A2261646D696E4061646D696E2E636F6D223B757365725F69647C733A313A2231223B6F6C645F6C6173745F6C6F67696E7C733A31303A2231353234313130383134223B);
INSERT INTO `ci_sessions` VALUES ('8f3bcec4696d20d6c313b7f3c6c7087f644091fb', '::1', 1524124132, 0x5F5F63695F6C6173745F726567656E65726174657C693A313532343132343133323B6964656E746974797C733A31353A2261646D696E4061646D696E2E636F6D223B656D61696C7C733A31353A2261646D696E4061646D696E2E636F6D223B757365725F69647C733A313A2231223B6F6C645F6C6173745F6C6F67696E7C733A31303A2231353234313130383134223B);
INSERT INTO `ci_sessions` VALUES ('4366274578c8155fdad00bf20645a4c909584600', '::1', 1524124437, 0x5F5F63695F6C6173745F726567656E65726174657C693A313532343132343433373B6964656E746974797C733A31353A2261646D696E4061646D696E2E636F6D223B656D61696C7C733A31353A2261646D696E4061646D696E2E636F6D223B757365725F69647C733A313A2231223B6F6C645F6C6173745F6C6F67696E7C733A31303A2231353234313130383134223B);
INSERT INTO `ci_sessions` VALUES ('adfdcbe0a2747b0c91a15b2328cf072c1494ede0', '::1', 1524124742, 0x5F5F63695F6C6173745F726567656E65726174657C693A313532343132343734323B6964656E746974797C733A31353A2261646D696E4061646D696E2E636F6D223B656D61696C7C733A31353A2261646D696E4061646D696E2E636F6D223B757365725F69647C733A313A2231223B6F6C645F6C6173745F6C6F67696E7C733A31303A2231353234313130383134223B);
INSERT INTO `ci_sessions` VALUES ('e12160160f69364756f6e09ec976eb12ac638e0f', '::1', 1524125047, 0x5F5F63695F6C6173745F726567656E65726174657C693A313532343132353034373B6964656E746974797C733A31353A2261646D696E4061646D696E2E636F6D223B656D61696C7C733A31353A2261646D696E4061646D696E2E636F6D223B757365725F69647C733A313A2231223B6F6C645F6C6173745F6C6F67696E7C733A31303A2231353234313130383134223B);
INSERT INTO `ci_sessions` VALUES ('4c1e5ff03a31a3960524dbba7dedbd0f3baf6f30', '::1', 1524125352, 0x5F5F63695F6C6173745F726567656E65726174657C693A313532343132353335323B6964656E746974797C733A31353A2261646D696E4061646D696E2E636F6D223B656D61696C7C733A31353A2261646D696E4061646D696E2E636F6D223B757365725F69647C733A313A2231223B6F6C645F6C6173745F6C6F67696E7C733A31303A2231353234313130383134223B);
INSERT INTO `ci_sessions` VALUES ('bff4c35ea23682b1b81212ba3f20d3da77241088', '::1', 1524125657, 0x5F5F63695F6C6173745F726567656E65726174657C693A313532343132353635373B6964656E746974797C733A31353A2261646D696E4061646D696E2E636F6D223B656D61696C7C733A31353A2261646D696E4061646D696E2E636F6D223B757365725F69647C733A313A2231223B6F6C645F6C6173745F6C6F67696E7C733A31303A2231353234313130383134223B);
INSERT INTO `ci_sessions` VALUES ('b805a7251ede5284de12fd270f81220003535412', '::1', 1524125962, 0x5F5F63695F6C6173745F726567656E65726174657C693A313532343132353936323B6964656E746974797C733A31353A2261646D696E4061646D696E2E636F6D223B656D61696C7C733A31353A2261646D696E4061646D696E2E636F6D223B757365725F69647C733A313A2231223B6F6C645F6C6173745F6C6F67696E7C733A31303A2231353234313130383134223B);
INSERT INTO `ci_sessions` VALUES ('f654af1abe8beea4d68207b2d62ef5d5475104bb', '::1', 1524126267, 0x5F5F63695F6C6173745F726567656E65726174657C693A313532343132363236373B6964656E746974797C733A31353A2261646D696E4061646D696E2E636F6D223B656D61696C7C733A31353A2261646D696E4061646D696E2E636F6D223B757365725F69647C733A313A2231223B6F6C645F6C6173745F6C6F67696E7C733A31303A2231353234313130383134223B);
INSERT INTO `ci_sessions` VALUES ('da670b389bb915d827fbf7130fd0a07a8bc3c63f', '::1', 1524126572, 0x5F5F63695F6C6173745F726567656E65726174657C693A313532343132363537323B6964656E746974797C733A31353A2261646D696E4061646D696E2E636F6D223B656D61696C7C733A31353A2261646D696E4061646D696E2E636F6D223B757365725F69647C733A313A2231223B6F6C645F6C6173745F6C6F67696E7C733A31303A2231353234313130383134223B);
INSERT INTO `ci_sessions` VALUES ('e34e7bd5fae81d798b80a14f828697df47db54ab', '::1', 1524126877, 0x5F5F63695F6C6173745F726567656E65726174657C693A313532343132363837373B6964656E746974797C733A31353A2261646D696E4061646D696E2E636F6D223B656D61696C7C733A31353A2261646D696E4061646D696E2E636F6D223B757365725F69647C733A313A2231223B6F6C645F6C6173745F6C6F67696E7C733A31303A2231353234313130383134223B);
INSERT INTO `ci_sessions` VALUES ('61e80fda15aec00b83710e2d0f23181516bb933f', '::1', 1524127182, 0x5F5F63695F6C6173745F726567656E65726174657C693A313532343132373138323B6964656E746974797C733A31353A2261646D696E4061646D696E2E636F6D223B656D61696C7C733A31353A2261646D696E4061646D696E2E636F6D223B757365725F69647C733A313A2231223B6F6C645F6C6173745F6C6F67696E7C733A31303A2231353234313130383134223B);
INSERT INTO `ci_sessions` VALUES ('60b0716382485105c6245e32269af9525ab6e241', '::1', 1524127487, 0x5F5F63695F6C6173745F726567656E65726174657C693A313532343132373438373B6964656E746974797C733A31353A2261646D696E4061646D696E2E636F6D223B656D61696C7C733A31353A2261646D696E4061646D696E2E636F6D223B757365725F69647C733A313A2231223B6F6C645F6C6173745F6C6F67696E7C733A31303A2231353234313130383134223B);
INSERT INTO `ci_sessions` VALUES ('f76972f9279bfa11151c25f923882cc87f9069c6', '::1', 1524127792, 0x5F5F63695F6C6173745F726567656E65726174657C693A313532343132373739323B6964656E746974797C733A31353A2261646D696E4061646D696E2E636F6D223B656D61696C7C733A31353A2261646D696E4061646D696E2E636F6D223B757365725F69647C733A313A2231223B6F6C645F6C6173745F6C6F67696E7C733A31303A2231353234313130383134223B);
INSERT INTO `ci_sessions` VALUES ('5324405f18c3c2c5869011bb90f09d0b5025d2fd', '::1', 1524128096, 0x5F5F63695F6C6173745F726567656E65726174657C693A313532343132383039363B6964656E746974797C733A31353A2261646D696E4061646D696E2E636F6D223B656D61696C7C733A31353A2261646D696E4061646D696E2E636F6D223B757365725F69647C733A313A2231223B6F6C645F6C6173745F6C6F67696E7C733A31303A2231353234313130383134223B);
INSERT INTO `ci_sessions` VALUES ('469c794fb427e77533587d6ba8e1a14978286648', '::1', 1524128516, 0x5F5F63695F6C6173745F726567656E65726174657C693A313532343132383531363B6964656E746974797C733A31353A2261646D696E4061646D696E2E636F6D223B656D61696C7C733A31353A2261646D696E4061646D696E2E636F6D223B757365725F69647C733A313A2231223B6F6C645F6C6173745F6C6F67696E7C733A31303A2231353234313130383134223B);
INSERT INTO `ci_sessions` VALUES ('d206e60c500337b34a4cdd988026e369224443f1', '::1', 1524129122, 0x5F5F63695F6C6173745F726567656E65726174657C693A313532343132393132323B6964656E746974797C733A31353A2261646D696E4061646D696E2E636F6D223B656D61696C7C733A31353A2261646D696E4061646D696E2E636F6D223B757365725F69647C733A313A2231223B6F6C645F6C6173745F6C6F67696E7C733A31303A2231353234313130383134223B);
INSERT INTO `ci_sessions` VALUES ('690da694cd4f885f45c551bb87731d18f6a1a0a4', '::1', 1524129427, 0x5F5F63695F6C6173745F726567656E65726174657C693A313532343132393432373B6964656E746974797C733A31353A2261646D696E4061646D696E2E636F6D223B656D61696C7C733A31353A2261646D696E4061646D696E2E636F6D223B757365725F69647C733A313A2231223B6F6C645F6C6173745F6C6F67696E7C733A31303A2231353234313130383134223B);
INSERT INTO `ci_sessions` VALUES ('6d134f8e1d075dfb19f2bd0513ae91b7363ed79e', '::1', 1524129732, 0x5F5F63695F6C6173745F726567656E65726174657C693A313532343132393733323B6964656E746974797C733A31353A2261646D696E4061646D696E2E636F6D223B656D61696C7C733A31353A2261646D696E4061646D696E2E636F6D223B757365725F69647C733A313A2231223B6F6C645F6C6173745F6C6F67696E7C733A31303A2231353234313130383134223B);
INSERT INTO `ci_sessions` VALUES ('d0cc41ca216e350df05749042619433c88b30f64', '::1', 1524130037, 0x5F5F63695F6C6173745F726567656E65726174657C693A313532343133303033373B6964656E746974797C733A31353A2261646D696E4061646D696E2E636F6D223B656D61696C7C733A31353A2261646D696E4061646D696E2E636F6D223B757365725F69647C733A313A2231223B6F6C645F6C6173745F6C6F67696E7C733A31303A2231353234313130383134223B);
INSERT INTO `ci_sessions` VALUES ('9c74e285384542e53d20a55513fe951bf398542f', '::1', 1524130345, 0x5F5F63695F6C6173745F726567656E65726174657C693A313532343133303334353B6964656E746974797C733A31353A2261646D696E4061646D696E2E636F6D223B656D61696C7C733A31353A2261646D696E4061646D696E2E636F6D223B757365725F69647C733A313A2231223B6F6C645F6C6173745F6C6F67696E7C733A31303A2231353234313130383134223B);
INSERT INTO `ci_sessions` VALUES ('26cbb74c8ab7898258ed561daea18e64cd63965e', '::1', 1524130650, 0x5F5F63695F6C6173745F726567656E65726174657C693A313532343133303635303B6964656E746974797C733A31353A2261646D696E4061646D696E2E636F6D223B656D61696C7C733A31353A2261646D696E4061646D696E2E636F6D223B757365725F69647C733A313A2231223B6F6C645F6C6173745F6C6F67696E7C733A31303A2231353234313130383134223B);
INSERT INTO `ci_sessions` VALUES ('83a0a0ef9c8c12d15311b43f74d5e9103dc4eb3e', '::1', 1524130955, 0x5F5F63695F6C6173745F726567656E65726174657C693A313532343133303935353B6964656E746974797C733A31353A2261646D696E4061646D696E2E636F6D223B656D61696C7C733A31353A2261646D696E4061646D696E2E636F6D223B757365725F69647C733A313A2231223B6F6C645F6C6173745F6C6F67696E7C733A31303A2231353234313130383134223B);
INSERT INTO `ci_sessions` VALUES ('774309d3e3e2d708d9f75e69c2ba81367efd4674', '::1', 1524131260, 0x5F5F63695F6C6173745F726567656E65726174657C693A313532343133313236303B6964656E746974797C733A31353A2261646D696E4061646D696E2E636F6D223B656D61696C7C733A31353A2261646D696E4061646D696E2E636F6D223B757365725F69647C733A313A2231223B6F6C645F6C6173745F6C6F67696E7C733A31303A2231353234313130383134223B);
INSERT INTO `ci_sessions` VALUES ('41f144520adb05bffe82a1d923310f92046c283f', '::1', 1524131565, 0x5F5F63695F6C6173745F726567656E65726174657C693A313532343133313536353B6964656E746974797C733A31353A2261646D696E4061646D696E2E636F6D223B656D61696C7C733A31353A2261646D696E4061646D696E2E636F6D223B757365725F69647C733A313A2231223B6F6C645F6C6173745F6C6F67696E7C733A31303A2231353234313130383134223B);
INSERT INTO `ci_sessions` VALUES ('94114ed5b4e1527c73f57be6809e32657075606b', '::1', 1524131870, 0x5F5F63695F6C6173745F726567656E65726174657C693A313532343133313837303B6964656E746974797C733A31353A2261646D696E4061646D696E2E636F6D223B656D61696C7C733A31353A2261646D696E4061646D696E2E636F6D223B757365725F69647C733A313A2231223B6F6C645F6C6173745F6C6F67696E7C733A31303A2231353234313130383134223B);
INSERT INTO `ci_sessions` VALUES ('678ebe362c45842879d9ef591fc50cfdcf7a5893', '::1', 1524132175, 0x5F5F63695F6C6173745F726567656E65726174657C693A313532343133323137353B6964656E746974797C733A31353A2261646D696E4061646D696E2E636F6D223B656D61696C7C733A31353A2261646D696E4061646D696E2E636F6D223B757365725F69647C733A313A2231223B6F6C645F6C6173745F6C6F67696E7C733A31303A2231353234313130383134223B);
INSERT INTO `ci_sessions` VALUES ('41da162617ab675f2353cc8b410d6fad0ebd1c03', '::1', 1524132480, 0x5F5F63695F6C6173745F726567656E65726174657C693A313532343133323438303B6964656E746974797C733A31353A2261646D696E4061646D696E2E636F6D223B656D61696C7C733A31353A2261646D696E4061646D696E2E636F6D223B757365725F69647C733A313A2231223B6F6C645F6C6173745F6C6F67696E7C733A31303A2231353234313130383134223B);
INSERT INTO `ci_sessions` VALUES ('3f53d470a6856d44e9d959d981722c3aa5ccebee', '::1', 1524132785, 0x5F5F63695F6C6173745F726567656E65726174657C693A313532343133323738353B6964656E746974797C733A31353A2261646D696E4061646D696E2E636F6D223B656D61696C7C733A31353A2261646D696E4061646D696E2E636F6D223B757365725F69647C733A313A2231223B6F6C645F6C6173745F6C6F67696E7C733A31303A2231353234313130383134223B);
INSERT INTO `ci_sessions` VALUES ('d995535598678b11c0632447ce270ab46457a9aa', '::1', 1524133090, 0x5F5F63695F6C6173745F726567656E65726174657C693A313532343133333039303B6964656E746974797C733A31353A2261646D696E4061646D696E2E636F6D223B656D61696C7C733A31353A2261646D696E4061646D696E2E636F6D223B757365725F69647C733A313A2231223B6F6C645F6C6173745F6C6F67696E7C733A31303A2231353234313130383134223B);
INSERT INTO `ci_sessions` VALUES ('7dfcd95bca18437241470bf463c17882bb830a49', '::1', 1524133395, 0x5F5F63695F6C6173745F726567656E65726174657C693A313532343133333339353B6964656E746974797C733A31353A2261646D696E4061646D696E2E636F6D223B656D61696C7C733A31353A2261646D696E4061646D696E2E636F6D223B757365725F69647C733A313A2231223B6F6C645F6C6173745F6C6F67696E7C733A31303A2231353234313130383134223B);
INSERT INTO `ci_sessions` VALUES ('bf521b29c5fecc602f25890310019f45c13680dc', '::1', 1524133700, 0x5F5F63695F6C6173745F726567656E65726174657C693A313532343133333730303B6964656E746974797C733A31353A2261646D696E4061646D696E2E636F6D223B656D61696C7C733A31353A2261646D696E4061646D696E2E636F6D223B757365725F69647C733A313A2231223B6F6C645F6C6173745F6C6F67696E7C733A31303A2231353234313130383134223B);
INSERT INTO `ci_sessions` VALUES ('53e0efccf3c1e04844a0c8bb75e48fc64d2658d5', '::1', 1524134005, 0x5F5F63695F6C6173745F726567656E65726174657C693A313532343133343030353B6964656E746974797C733A31353A2261646D696E4061646D696E2E636F6D223B656D61696C7C733A31353A2261646D696E4061646D696E2E636F6D223B757365725F69647C733A313A2231223B6F6C645F6C6173745F6C6F67696E7C733A31303A2231353234313130383134223B);
INSERT INTO `ci_sessions` VALUES ('3ba4e1c74d6f5dfdf0f58911b555168c968b4434', '::1', 1524134310, 0x5F5F63695F6C6173745F726567656E65726174657C693A313532343133343331303B6964656E746974797C733A31353A2261646D696E4061646D696E2E636F6D223B656D61696C7C733A31353A2261646D696E4061646D696E2E636F6D223B757365725F69647C733A313A2231223B6F6C645F6C6173745F6C6F67696E7C733A31303A2231353234313130383134223B);
INSERT INTO `ci_sessions` VALUES ('c5206bad994dedc7a331ccc4fea9beeb58f435df', '::1', 1524134615, 0x5F5F63695F6C6173745F726567656E65726174657C693A313532343133343631353B6964656E746974797C733A31353A2261646D696E4061646D696E2E636F6D223B656D61696C7C733A31353A2261646D696E4061646D696E2E636F6D223B757365725F69647C733A313A2231223B6F6C645F6C6173745F6C6F67696E7C733A31303A2231353234313130383134223B);
INSERT INTO `ci_sessions` VALUES ('d907b0da37a54313f5e5deffa385741a5ce2e732', '::1', 1524134920, 0x5F5F63695F6C6173745F726567656E65726174657C693A313532343133343932303B6964656E746974797C733A31353A2261646D696E4061646D696E2E636F6D223B656D61696C7C733A31353A2261646D696E4061646D696E2E636F6D223B757365725F69647C733A313A2231223B6F6C645F6C6173745F6C6F67696E7C733A31303A2231353234313130383134223B);
INSERT INTO `ci_sessions` VALUES ('ae70441f02092828346045c475818b3b8f4a92e6', '::1', 1524135225, 0x5F5F63695F6C6173745F726567656E65726174657C693A313532343133353232353B6964656E746974797C733A31353A2261646D696E4061646D696E2E636F6D223B656D61696C7C733A31353A2261646D696E4061646D696E2E636F6D223B757365725F69647C733A313A2231223B6F6C645F6C6173745F6C6F67696E7C733A31303A2231353234313130383134223B);
INSERT INTO `ci_sessions` VALUES ('5bef76b02dd2263addcb5ef30235193e0ae6664d', '::1', 1524135530, 0x5F5F63695F6C6173745F726567656E65726174657C693A313532343133353533303B6964656E746974797C733A31353A2261646D696E4061646D696E2E636F6D223B656D61696C7C733A31353A2261646D696E4061646D696E2E636F6D223B757365725F69647C733A313A2231223B6F6C645F6C6173745F6C6F67696E7C733A31303A2231353234313130383134223B);
INSERT INTO `ci_sessions` VALUES ('83c57e656f0f8bba3f03b1a9d3007d6e0895831a', '::1', 1524560421, 0x5F5F63695F6C6173745F726567656E65726174657C693A313532343536303430393B6964656E746974797C733A31353A2261646D696E4061646D696E2E636F6D223B656D61696C7C733A31353A2261646D696E4061646D696E2E636F6D223B757365725F69647C733A313A2231223B6F6C645F6C6173745F6C6F67696E7C733A31303A2231353234313130383338223B);
INSERT INTO `ci_sessions` VALUES ('ff21fbeea38700df950ab0cdcb40335dc6908e58', '::1', 1525314918, 0x5F5F63695F6C6173745F726567656E65726174657C693A313532353331343838393B6964656E746974797C733A31353A2261646D696E4061646D696E2E636F6D223B656D61696C7C733A31353A2261646D696E4061646D696E2E636F6D223B757365725F69647C733A313A2231223B6F6C645F6C6173745F6C6F67696E7C733A31303A2231353234353630343133223B);
INSERT INTO `ci_sessions` VALUES ('9eacf8da89ce16bf3ce841030ba21ae93ebe3b66', '::1', 1525315507, 0x5F5F63695F6C6173745F726567656E65726174657C693A313532353331353530313B6964656E746974797C733A31353A2261646D696E4061646D696E2E636F6D223B656D61696C7C733A31353A2261646D696E4061646D696E2E636F6D223B757365725F69647C733A313A2231223B6F6C645F6C6173745F6C6F67696E7C733A31303A2231353234353630343133223B);
INSERT INTO `ci_sessions` VALUES ('fc4239500007842c4101187b72886c34d10600ea', '::1', 1525323003, 0x5F5F63695F6C6173745F726567656E65726174657C693A313532353332323938363B6D6573736167657C733A36353A223C7020636C6173733D22746578742D726564223E54656D706F726172696C79204C6F636B6564204F75742E202054727920616761696E206C617465722E3C2F703E223B5F5F63695F766172737C613A313A7B733A373A226D657373616765223B733A333A226F6C64223B7D);
INSERT INTO `ci_sessions` VALUES ('0f40bb309ced826bb871d60533b3f1819032ded7', '::1', 1525700294, 0x5F5F63695F6C6173745F726567656E65726174657C693A313532353730303236343B6D6573736167657C733A36353A223C7020636C6173733D22746578742D726564223E54656D706F726172696C79204C6F636B6564204F75742E202054727920616761696E206C617465722E3C2F703E223B5F5F63695F766172737C613A313A7B733A373A226D657373616765223B733A333A226F6C64223B7D);
INSERT INTO `ci_sessions` VALUES ('829636e198bddb0d2b63c65245b278be0bccd5b1', '::1', 1527573011, 0x5F5F63695F6C6173745F726567656E65726174657C693A313532373537323939323B);
INSERT INTO `ci_sessions` VALUES ('fb07652a167dec07dd7df67fd6f0c0cc07036c9f', '::1', 1528179227, 0x5F5F63695F6C6173745F726567656E65726174657C693A313532383137393134343B6D6573736167657C733A36353A223C7020636C6173733D22746578742D726564223E54656D706F726172696C79204C6F636B6564204F75742E202054727920616761696E206C617465722E3C2F703E223B5F5F63695F766172737C613A313A7B733A373A226D657373616765223B733A333A226F6C64223B7D);
INSERT INTO `ci_sessions` VALUES ('050a18c644fa1d59df8dd9953af67691b3a0c78f', '::1', 1528342338, 0x5F5F63695F6C6173745F726567656E65726174657C693A313532383334323133363B6D6573736167657C733A36353A223C7020636C6173733D22746578742D726564223E54656D706F726172696C79204C6F636B6564204F75742E202054727920616761696E206C617465722E3C2F703E223B5F5F63695F766172737C613A313A7B733A373A226D657373616765223B733A333A226F6C64223B7D);
INSERT INTO `ci_sessions` VALUES ('df06b65fb023c1e514b9b5be1477729f1aca2969', '::1', 1528342778, 0x5F5F63695F6C6173745F726567656E65726174657C693A313532383334323531383B);
INSERT INTO `ci_sessions` VALUES ('8192ccd87ae17fee54708b28149bec8225e8bebf', '::1', 1528342946, 0x5F5F63695F6C6173745F726567656E65726174657C693A313532383334323833303B);
INSERT INTO `ci_sessions` VALUES ('db795cb3b16a8c4c315739b6786192736b8d3aed', '::1', 1530152158, 0x5F5F63695F6C6173745F726567656E65726174657C693A313533303135313931373B);
INSERT INTO `ci_sessions` VALUES ('926d19527f78d4944b3b49fab45a804477444f8c', '::1', 1530152544, 0x5F5F63695F6C6173745F726567656E65726174657C693A313533303135323234353B6D6573736167657C733A36353A223C7020636C6173733D22746578742D726564223E54656D706F726172696C79204C6F636B6564204F75742E202054727920616761696E206C617465722E3C2F703E223B5F5F63695F766172737C613A313A7B733A373A226D657373616765223B733A333A226F6C64223B7D);
INSERT INTO `ci_sessions` VALUES ('906c36ed50e9d00bebcab5bffdcbfa92c5cd3013', '::1', 1530152912, 0x5F5F63695F6C6173745F726567656E65726174657C693A313533303135323931313B);
INSERT INTO `ci_sessions` VALUES ('f7cedc86ed64ec76f8e3b83c6d824f95b626bbee', '::1', 1530153167, 0x5F5F63695F6C6173745F726567656E65726174657C693A313533303135323931323B);
INSERT INTO `ci_sessions` VALUES ('616f1d9c28a44cb23eb4e0924d4ef2f3d7b7145f', '::1', 1530153450, 0x5F5F63695F6C6173745F726567656E65726174657C693A313533303135333334323B);
INSERT INTO `ci_sessions` VALUES ('f61d073cab49605d1b16a9e1affc4d4fbe86ff00', '::1', 1530153846, 0x5F5F63695F6C6173745F726567656E65726174657C693A313533303135333732353B);
INSERT INTO `ci_sessions` VALUES ('246bf3a888ca315ec012f2287631ce5ad951b1fd', '::1', 1530154272, 0x5F5F63695F6C6173745F726567656E65726174657C693A313533303135343131313B);
INSERT INTO `ci_sessions` VALUES ('2689e07fbdfac2195d54bd5417ca4bfa17ddd638', '::1', 1530154450, 0x5F5F63695F6C6173745F726567656E65726174657C693A313533303135343434333B6D6573736167657C733A33393A223C7020636C6173733D22746578742D726564223E496E636F7272656374204C6F67696E3C2F703E223B5F5F63695F766172737C613A313A7B733A373A226D657373616765223B733A333A226F6C64223B7D);
INSERT INTO `ci_sessions` VALUES ('b4b49a5fb041600de3aede52492c53f3e3ce6f6d', '::1', 1530496714, 0x5F5F63695F6C6173745F726567656E65726174657C693A313533303439363731323B);
INSERT INTO `ci_sessions` VALUES ('d6de99b9962cfe464fa2f1bf8752660c1b5624fe', '::1', 1530498938, 0x5F5F63695F6C6173745F726567656E65726174657C693A313533303439383931343B6D6573736167657C733A33393A223C7020636C6173733D22746578742D726564223E496E636F7272656374204C6F67696E3C2F703E223B5F5F63695F766172737C613A313A7B733A373A226D657373616765223B733A333A226F6C64223B7D);
INSERT INTO `ci_sessions` VALUES ('bf083e871bae21fd0fa2eaf2ddfce8bca4dca002', '::1', 1530499756, 0x5F5F63695F6C6173745F726567656E65726174657C693A313533303439393731373B);
INSERT INTO `ci_sessions` VALUES ('b57fccf173aefb3cb5ff6507444a659740352ecf', '::1', 1530500236, 0x5F5F63695F6C6173745F726567656E65726174657C693A313533303530303139303B6D6573736167657C733A33393A223C7020636C6173733D22746578742D726564223E496E636F7272656374204C6F67696E3C2F703E223B5F5F63695F766172737C613A313A7B733A373A226D657373616765223B733A333A226F6C64223B7D);

-- ----------------------------
-- Table structure for groups
-- ----------------------------
DROP TABLE IF EXISTS `groups`;
CREATE TABLE `groups`  (
  `id` mediumint UNSIGNED NOT NULL AUTO_INCREMENT,
  `name` varchar(20) CHARACTER SET utf8 COLLATE utf8_general_ci NOT NULL,
  `description` varchar(100) CHARACTER SET utf8 COLLATE utf8_general_ci NOT NULL,
  `job_id` int NULL DEFAULT NULL,
  PRIMARY KEY (`id`) USING BTREE
) ENGINE = InnoDB AUTO_INCREMENT = 13 CHARACTER SET = utf8 COLLATE = utf8_general_ci ROW_FORMAT = Dynamic;

-- ----------------------------
-- Records of groups
-- ----------------------------
INSERT INTO `groups` VALUES (1, 'Admin', 'Administrator', 0);
INSERT INTO `groups` VALUES (2, 'Manager', 'Manager', 1);

-- ----------------------------
-- Table structure for login_attempts
-- ----------------------------
DROP TABLE IF EXISTS `login_attempts`;
CREATE TABLE `login_attempts`  (
  `id` int UNSIGNED NOT NULL AUTO_INCREMENT,
  `ip_address` varchar(45) CHARACTER SET utf8 COLLATE utf8_general_ci NOT NULL,
  `login` varchar(100) CHARACTER SET utf8 COLLATE utf8_general_ci NOT NULL,
  `time` int UNSIGNED NULL DEFAULT NULL,
  PRIMARY KEY (`id`) USING BTREE
) ENGINE = InnoDB AUTO_INCREMENT = 49 CHARACTER SET = utf8 COLLATE = utf8_general_ci ROW_FORMAT = Dynamic;

-- ----------------------------
-- Records of login_attempts
-- ----------------------------

-- ----------------------------
-- Table structure for mrp_data
-- ----------------------------
DROP TABLE IF EXISTS `mrp_data`;
CREATE TABLE `mrp_data`  (
  `mrp_id` int NOT NULL AUTO_INCREMENT,
  `head_id` int NULL DEFAULT NULL,
  `material_code` varchar(30) CHARACTER SET utf8mb4 COLLATE utf8mb4_general_ci NULL DEFAULT NULL,
  `material_description` varchar(100) CHARACTER SET utf8mb4 COLLATE utf8mb4_general_ci NULL DEFAULT NULL,
  `value` varchar(255) CHARACTER SET utf8mb4 COLLATE utf8mb4_general_ci NULL DEFAULT NULL,
  `year` varchar(10) CHARACTER SET utf8mb4 COLLATE utf8mb4_general_ci NULL DEFAULT NULL,
  `month` varchar(5) CHARACTER SET utf8mb4 COLLATE utf8mb4_general_ci NULL DEFAULT NULL,
  `week` varchar(5) CHARACTER SET utf8mb4 COLLATE utf8mb4_general_ci NULL DEFAULT NULL,
  `qty` float NULL DEFAULT NULL,
  `prch_doc` varchar(255) CHARACTER SET utf8mb4 COLLATE utf8mb4_general_ci NULL DEFAULT NULL,
  `confirm_del_date` date NULL DEFAULT NULL,
  `vendor_account` varchar(150) CHARACTER SET utf8mb4 COLLATE utf8mb4_general_ci NULL DEFAULT NULL,
  `ldt` varchar(30) CHARACTER SET utf8mb4 COLLATE utf8mb4_general_ci NULL DEFAULT NULL,
  `std_doi` double NULL DEFAULT NULL,
  `remarks` text CHARACTER SET utf8mb4 COLLATE utf8mb4_general_ci NULL,
  `created_date` date NULL DEFAULT NULL,
  PRIMARY KEY (`mrp_id`) USING BTREE
) ENGINE = InnoDB AUTO_INCREMENT = 164 CHARACTER SET = utf8mb4 COLLATE = utf8mb4_general_ci ROW_FORMAT = Dynamic;

-- ----------------------------
-- Records of mrp_data
-- ----------------------------
INSERT INTO `mrp_data` VALUES (1, 1, '1000000000', 'JAGUNG', 'STOCK', '2021', '08', '27', 1250000, NULL, '2021-08-02', NULL, '30', 0.2, 'K103', '2021-08-20');
INSERT INTO `mrp_data` VALUES (2, 1, '1000000000', 'JAGUNG', 'REQ', '2021', '08', '27', 25000, NULL, '2021-08-01', NULL, '30', 0.2, 'K103', '2021-08-20');
INSERT INTO `mrp_data` VALUES (3, 1, '1000000000', 'JAGUNG', 'REQ', '2021', '08', '27', 25000, NULL, '2021-08-02', NULL, '30', 0.2, 'K103', '2021-08-20');
INSERT INTO `mrp_data` VALUES (4, 1, '1000000000', 'JAGUNG', 'REQ', '2021', '08', '27', 25000, NULL, '2021-08-03', NULL, '30', 0.2, 'K103', '2021-08-20');
INSERT INTO `mrp_data` VALUES (5, 1, '1000000000', 'JAGUNG', 'REQ', '2021', '08', '27', 25000, NULL, '2021-08-04', NULL, '30', 0.2, 'K103', '2021-08-20');
INSERT INTO `mrp_data` VALUES (6, 1, '1000000000', 'JAGUNG', 'REQ', '2021', '08', '27', 25000, NULL, '2021-08-05', NULL, '30', 0.2, 'K103', '2021-08-20');
INSERT INTO `mrp_data` VALUES (7, 1, '1000000000', 'JAGUNG', 'ACT', '2021', '08', '27', 5000, NULL, '2021-08-01', NULL, '30', 0.2, 'K103', '2021-08-20');
INSERT INTO `mrp_data` VALUES (8, 1, '1000000000', 'JAGUNG', 'GR', '2021', '08', '27', 50000, '500001', '2021-08-03', 'PT. JAGUNG JAYA', '30', 0.2, 'K103', '2021-08-20');
INSERT INTO `mrp_data` VALUES (9, 1, '1000000000', 'JAGUNG', 'GR', '2021', '08', '27', 50000, '500001', '2021-08-04', 'PT. JAGUNG JAYA', '30', 0.2, 'K103', '2021-08-20');
INSERT INTO `mrp_data` VALUES (10, 1, '1000000000', 'JAGUNG', 'PO', '2021', '08', '27', 50000, '400001', '2021-08-03', 'PT. JAGUNG JAYA', '30', 0.2, 'K103', '2021-08-20');
INSERT INTO `mrp_data` VALUES (11, 1, '1000000000', 'JAGUNG', 'PO', '2021', '08', '27', 50000, '400001', '2021-08-05', 'PT. JAGUNG JAYA', '30', 0.2, 'K103', '2021-08-20');
INSERT INTO `mrp_data` VALUES (32, 4, '10000000000', 'JAGUNG', 'STOCK', '2021', '08', '34', 96516, NULL, '2021-08-18', NULL, '30', 0.2, '', '2021-08-21');
INSERT INTO `mrp_data` VALUES (33, 4, '10000000000', 'JAGUNG', 'REQ', '2021', '08', '32', -196316, NULL, '2021-08-05', NULL, '30', 0.2, '', '2021-08-21');
INSERT INTO `mrp_data` VALUES (34, 4, '10000000000', 'JAGUNG', 'REQ', '2021', '08', '34', -196316, NULL, '2021-08-19', NULL, '30', 0.2, '', '2021-08-21');
INSERT INTO `mrp_data` VALUES (35, 4, '10000000000', 'JAGUNG', 'REQ', '2021', '08', '35', -196316, NULL, '2021-08-27', NULL, '30', 0.2, '', '2021-08-21');
INSERT INTO `mrp_data` VALUES (36, 4, '10000000000', 'JAGUNG', 'ACT', '2021', '08', '32', 117042, NULL, '2021-08-05', NULL, '30', 0.2, '', '2021-08-21');
INSERT INTO `mrp_data` VALUES (37, 4, '10000000000', 'JAGUNG', 'ACT', '2021', '08', '34', 117042, NULL, '2021-08-19', NULL, '30', 0.2, '', '2021-08-21');
INSERT INTO `mrp_data` VALUES (38, 4, '10000000000', 'JAGUNG', 'PO', '2021', '08', '34', 180000, '4000001', '2021-08-19', 'PT. AGUNG JAYA', '30', 0.2, '', '2021-08-21');
INSERT INTO `mrp_data` VALUES (39, 4, '10000000000', 'JAGUNG', 'PO', '2021', '08', '35', 180000, '4000001', '2021-08-27', 'PT. AGUNG JAYA', '30', 0.2, '', '2021-08-21');
INSERT INTO `mrp_data` VALUES (40, 4, '10000000000', 'JAGUNG', 'GR', '2021', '08', '32', 100000, '5000001', '2021-08-05', 'PT. AGUNG JAYA', '30', 0.2, '', '2021-08-21');
INSERT INTO `mrp_data` VALUES (41, 4, '10000000000', 'JAGUNG', 'GR', '2021', '08', '34', 100000, '5000001', '2021-08-19', 'PT. AGUNG JAYA', '30', 0.2, '', '2021-08-21');
INSERT INTO `mrp_data` VALUES (42, 4, '10000000000', 'JAGUNG', 'STOCK', '2021', '09', '34', 100000, NULL, '2021-09-18', NULL, '30', 0.2, '', '2021-08-21');
INSERT INTO `mrp_data` VALUES (43, 4, '10000000000', 'JAGUNG', 'REQ', '2021', '09', '32', -196315, NULL, '2021-09-05', NULL, '30', 0.2, '', '2021-08-21');
INSERT INTO `mrp_data` VALUES (44, 4, '10000000000', 'JAGUNG', 'REQ', '2021', '09', '34', -194316, NULL, '2021-09-19', NULL, '30', 0.2, '', '2021-08-21');
INSERT INTO `mrp_data` VALUES (45, 4, '10000000000', 'JAGUNG', 'REQ', '2021', '09', '35', -106316, NULL, '2021-09-27', NULL, '30', 0.2, '', '2021-08-21');
INSERT INTO `mrp_data` VALUES (46, 4, '10000000000', 'JAGUNG', 'ACT', '2021', '09', '32', 118042, NULL, '2021-09-05', NULL, '30', 0.2, '', '2021-08-21');
INSERT INTO `mrp_data` VALUES (47, 4, '10000000000', 'JAGUNG', 'ACT', '2021', '09', '34', 127042, NULL, '2021-09-19', NULL, '30', 0.2, '', '2021-08-21');
INSERT INTO `mrp_data` VALUES (48, 4, '10000000000', 'JAGUNG', 'PO', '2021', '09', '34', 280000, '4000001', '2021-09-19', 'PT. AGUNG JAYA', '30', 0.2, '', '2021-08-21');
INSERT INTO `mrp_data` VALUES (49, 4, '10000000000', 'JAGUNG', 'PO', '2021', '09', '35', 280000, '4000001', '2021-09-27', 'PT. AGUNG JAYA', '30', 0.2, '', '2021-08-21');
INSERT INTO `mrp_data` VALUES (50, 4, '10000000000', 'JAGUNG', 'GR', '2021', '09', '32', 200000, '5000001', '2021-09-05', 'PT. AGUNG JAYA', '30', 0.2, '', '2021-08-21');
INSERT INTO `mrp_data` VALUES (51, 4, '10000000000', 'JAGUNG', 'GR', '2021', '09', '34', 200000, '5000001', '2021-09-19', 'PT. AGUNG JAYA', '30', 0.2, '', '2021-08-21');
INSERT INTO `mrp_data` VALUES (161, 4, '10000000000', 'JAGUNG', 'EDSTOCK', '2021', '08', '34', 101653, NULL, '2021-08-18', NULL, '30', 0.2, '', '2021-08-21');
INSERT INTO `mrp_data` VALUES (162, 4, '10000000000', 'JAGUNG', 'STDDOI', '2021', '08', '34', -117790, NULL, '2021-08-18', NULL, '30', 0.2, '', '2021-08-21');
INSERT INTO `mrp_data` VALUES (163, 4, '10000000000', 'JAGUNG', 'PLANORD', '2021', '08', '34', 20000, NULL, '2021-08-18', NULL, '30', 0.2, '', '2021-08-21');

-- ----------------------------
-- Table structure for mrp_head
-- ----------------------------
DROP TABLE IF EXISTS `mrp_head`;
CREATE TABLE `mrp_head`  (
  `id` int NOT NULL AUTO_INCREMENT,
  `posting_date` date NULL DEFAULT NULL,
  `description` varchar(255) CHARACTER SET utf8mb4 COLLATE utf8mb4_general_ci NULL DEFAULT NULL,
  `date_added` datetime NULL DEFAULT NULL,
  PRIMARY KEY (`id`) USING BTREE
) ENGINE = InnoDB AUTO_INCREMENT = 5 CHARACTER SET = utf8mb4 COLLATE = utf8mb4_general_ci ROW_FORMAT = Dynamic;

-- ----------------------------
-- Records of mrp_head
-- ----------------------------
INSERT INTO `mrp_head` VALUES (1, '2021-07-18', '', '2021-07-18 04:13:27');
INSERT INTO `mrp_head` VALUES (4, '2021-08-21', '', '2021-08-21 07:46:11');

-- ----------------------------
-- Table structure for mrp_value
-- ----------------------------
DROP TABLE IF EXISTS `mrp_value`;
CREATE TABLE `mrp_value`  (
  `id` int NOT NULL,
  `description` varchar(100) CHARACTER SET utf8mb4 COLLATE utf8mb4_general_ci NULL DEFAULT NULL,
  PRIMARY KEY (`id`) USING BTREE
) ENGINE = InnoDB CHARACTER SET = utf8mb4 COLLATE = utf8mb4_general_ci ROW_FORMAT = Dynamic;

-- ----------------------------
-- Records of mrp_value
-- ----------------------------
INSERT INTO `mrp_value` VALUES (0, '');
INSERT INTO `mrp_value` VALUES (1, 'Saldo Awal');
INSERT INTO `mrp_value` VALUES (3, 'Actual Usage');
INSERT INTO `mrp_value` VALUES (4, 'PO');

-- ----------------------------
-- Table structure for ms_department
-- ----------------------------
DROP TABLE IF EXISTS `ms_department`;
CREATE TABLE `ms_department`  (
  `dep_code` int NOT NULL AUTO_INCREMENT,
  `dep_name` varchar(100) CHARACTER SET latin1 COLLATE latin1_swedish_ci NULL DEFAULT NULL,
  `description` varchar(50) CHARACTER SET latin1 COLLATE latin1_swedish_ci NOT NULL,
  PRIMARY KEY (`dep_code`) USING BTREE
) ENGINE = InnoDB AUTO_INCREMENT = 54 CHARACTER SET = latin1 COLLATE = latin1_swedish_ci ROW_FORMAT = Dynamic;

-- ----------------------------
-- Records of ms_department
-- ----------------------------
INSERT INTO `ms_department` VALUES (1, 'DINAS PENDIDIKAN', 'Disdik');
INSERT INTO `ms_department` VALUES (2, 'DINAS KESEHATAN', 'Dinkes');
INSERT INTO `ms_department` VALUES (3, 'DINAS PEKERJAAN DAN TATA RUANG', 'DPU dan PR');
INSERT INTO `ms_department` VALUES (4, 'DINAS PERUMAHAN DAN KAWASAN PERMUKIMAN', 'DPRKP');
INSERT INTO `ms_department` VALUES (5, 'KANTOR KESATUAN BANGSA DAN POLITIK', 'Kesbangpol');
INSERT INTO `ms_department` VALUES (6, 'SATUAN POLISI PAMONG PRAJA DAN PEMADAM KEBAKARAN', 'SATPOL PP & DAMKAR');
INSERT INTO `ms_department` VALUES (7, 'BADAN PENANGGULANGAN BENCANA DAERAH', 'BPBD');
INSERT INTO `ms_department` VALUES (8, 'DINAS SOSIAL', 'Dinsos');
INSERT INTO `ms_department` VALUES (9, 'DINAS TENAGA KERJA DAN TRANSMIGRASI', 'Disnakertrans');
INSERT INTO `ms_department` VALUES (10, 'DINAS LINGKUNGAN HIDUP', 'DLH');
INSERT INTO `ms_department` VALUES (11, 'DINAS KEPENDUDUKAN DAN PENCATATAN SIPIL', 'Disdukcapil');
INSERT INTO `ms_department` VALUES (12, 'DINAS PEMBERDAYAAN MASYARAKAT DAN DESA', 'Dispermasdes');
INSERT INTO `ms_department` VALUES (13, 'DINAS PENGENDALIAN PENDUDUK, KELUARGA BERENCANA, PEMBERDAYAAN PEREMPUAN DAN PERLINDUNGAN ANAK', 'DP3AP2KB');
INSERT INTO `ms_department` VALUES (14, 'DINAS PERHUBUNGAN', 'Dishub');
INSERT INTO `ms_department` VALUES (15, 'DINAS KOMUNIKASI, INFORMATIKA, DAN STATISTIK', 'Diskominfotik');
INSERT INTO `ms_department` VALUES (16, 'DINAS KOPERASI, USAHA KECIL DAN MENENGAH', 'Diskopumkm');
INSERT INTO `ms_department` VALUES (17, 'DINAS PENANAMAN MODAL DAN PELAYANAN  TERPADU SATU PINTU', 'DPMPTSP');
INSERT INTO `ms_department` VALUES (18, 'DINAS KEPEMUDAAN DAN OLAHRAGA', 'Dispora');
INSERT INTO `ms_department` VALUES (19, 'DINAS KEARSIPAN DAN PERPUSTAKAAN', 'Dispusip');
INSERT INTO `ms_department` VALUES (20, 'DINAS PERIKANAN DAN PETERNAKAN', 'Disnakan');
INSERT INTO `ms_department` VALUES (21, 'DINAS PARIWISATA DAN KEBUDAYAAN', 'Disparbud');
INSERT INTO `ms_department` VALUES (22, 'DINAS KETAHANAN PANGAN DAN PERTANIAN', 'Dispaperta');
INSERT INTO `ms_department` VALUES (23, 'DINAS PERINDUSTRIAN DAN PERDAGANGAN', 'Disperindag');
INSERT INTO `ms_department` VALUES (24, 'DEWAN PERWAKILAN RAKYAT DAERAH', 'DPRD');
INSERT INTO `ms_department` VALUES (25, 'KEPALA DAN WAKIL KEPALA DAERAH', 'KEPALA DAERAH');
INSERT INTO `ms_department` VALUES (26, 'SEKRETARIAT DAERAH', 'SEKDA');
INSERT INTO `ms_department` VALUES (27, 'SEKRETARIAT DEWAN PERWAKILAN RAKYAT DAERAH', 'SEK. DPRD');
INSERT INTO `ms_department` VALUES (28, 'KECAMATAN NGAMPRAH', 'KEC. NGAMPRAH');
INSERT INTO `ms_department` VALUES (29, 'KECAMATAN CIPATAT', 'KEC. CIPATAT');
INSERT INTO `ms_department` VALUES (30, 'KECAMATAN BATUJAJAR', 'KEC. BATUJAJAR');
INSERT INTO `ms_department` VALUES (31, 'KECAMATAN PADALARANG', 'KEC. PADALARANG');
INSERT INTO `ms_department` VALUES (32, 'KECAMATAN SINDANGKERTA', 'KEC. SINDANGKERTA');
INSERT INTO `ms_department` VALUES (33, 'KECAMATAN CIPONGKOR', 'KEC. CIPONGKOR');
INSERT INTO `ms_department` VALUES (34, 'KECAMATAN GUNUNGHALU', 'KEC. GUNUNGHALU');
INSERT INTO `ms_department` VALUES (35, 'KECAMATAN RONGGA', 'KEC. RONGGA');
INSERT INTO `ms_department` VALUES (36, 'KECAMATAN CILILIN', 'KEC. CILILIN');
INSERT INTO `ms_department` VALUES (37, 'KECAMATAN CIKALONG WETAN\r\n', 'KEC. CIKALONG WETAN');
INSERT INTO `ms_department` VALUES (38, 'KECAMATAN CIPEUNDEUY', 'KEC. CIPEUNDEUY');
INSERT INTO `ms_department` VALUES (39, 'KECAMATAN PARONGPONG', 'KEC. PARONGPONG');
INSERT INTO `ms_department` VALUES (40, 'KECAMATAN CISARUA', 'KEC. CISARUA');
INSERT INTO `ms_department` VALUES (41, 'KECAMATAN LEMBANG', 'KEC. LEMBANG');
INSERT INTO `ms_department` VALUES (42, 'KECAMATAN CIHAMPELAS', 'KEC. CIHAMPELAS');
INSERT INTO `ms_department` VALUES (43, 'KECAMATAN SAGULING', 'KEC. SAGULING');
INSERT INTO `ms_department` VALUES (44, 'INSPEKTORAT DAERAH', 'INSPEKTORAT');
INSERT INTO `ms_department` VALUES (45, 'BADAN PERENCANAAN, PEMBANGUNAN , PENELITIAN DAN PENGEMBANGAN DAERAH', 'Bapelitbang');
INSERT INTO `ms_department` VALUES (46, 'BADAN PENGELOLAAN KEUANGAN DAERAH', 'BPKAD');
INSERT INTO `ms_department` VALUES (47, 'PEJABAT PENGELOLA KEUANGAN DAERAH', 'PEJABAT BPKAD');
INSERT INTO `ms_department` VALUES (48, 'BADAN KEPEGAWAIAN DAN PENGEMBANGAN SUMBER DAYA MANUSIA', 'BKD & SDM');
INSERT INTO `ms_department` VALUES (49, 'SATPOL PP', 'SATPOL PP');
INSERT INTO `ms_department` VALUES (50, 'DAMKAR', 'DAMKAR');
INSERT INTO `ms_department` VALUES (51, 'BKAD (BADAN KEUANGAN DAN ASET DAERAH)', 'BKAD');
INSERT INTO `ms_department` VALUES (52, 'BADAN KESATUAN BANGSA DAN POLITIK', 'BKBP');
INSERT INTO `ms_department` VALUES (53, 'BAPENDA (BADAN PENDAPATAN DAERAH)', 'BAPENDA');

-- ----------------------------
-- Table structure for ms_maping_status
-- ----------------------------
DROP TABLE IF EXISTS `ms_maping_status`;
CREATE TABLE `ms_maping_status`  (
  `id` int NOT NULL AUTO_INCREMENT,
  `id_job` int NULL DEFAULT NULL,
  `id_status` int NULL DEFAULT NULL,
  PRIMARY KEY (`id`) USING BTREE
) ENGINE = MyISAM AUTO_INCREMENT = 68 CHARACTER SET = latin1 COLLATE = latin1_swedish_ci ROW_FORMAT = Fixed;

-- ----------------------------
-- Records of ms_maping_status
-- ----------------------------
INSERT INTO `ms_maping_status` VALUES (14, 5, 6);
INSERT INTO `ms_maping_status` VALUES (13, 5, 5);
INSERT INTO `ms_maping_status` VALUES (24, 6, 7);
INSERT INTO `ms_maping_status` VALUES (26, 8, 1);
INSERT INTO `ms_maping_status` VALUES (25, 7, 8);
INSERT INTO `ms_maping_status` VALUES (8, 4, 4);
INSERT INTO `ms_maping_status` VALUES (6, 3, 3);
INSERT INTO `ms_maping_status` VALUES (5, 2, 2);
INSERT INTO `ms_maping_status` VALUES (2, 1, 11);
INSERT INTO `ms_maping_status` VALUES (1, 1, 1);
INSERT INTO `ms_maping_status` VALUES (55, 5, 12);
INSERT INTO `ms_maping_status` VALUES (56, 0, 12);
INSERT INTO `ms_maping_status` VALUES (57, 0, 11);
INSERT INTO `ms_maping_status` VALUES (58, 0, 1);
INSERT INTO `ms_maping_status` VALUES (59, 0, 7);
INSERT INTO `ms_maping_status` VALUES (60, 0, 8);
INSERT INTO `ms_maping_status` VALUES (61, 0, 9);
INSERT INTO `ms_maping_status` VALUES (62, 0, 2);
INSERT INTO `ms_maping_status` VALUES (63, 0, 3);
INSERT INTO `ms_maping_status` VALUES (64, 0, 4);
INSERT INTO `ms_maping_status` VALUES (65, 0, 5);
INSERT INTO `ms_maping_status` VALUES (66, 0, 6);
INSERT INTO `ms_maping_status` VALUES (67, 0, 13);

-- ----------------------------
-- Table structure for ms_maping_status_web
-- ----------------------------
DROP TABLE IF EXISTS `ms_maping_status_web`;
CREATE TABLE `ms_maping_status_web`  (
  `id` int NOT NULL AUTO_INCREMENT,
  `id_job` int NULL DEFAULT NULL,
  `id_status` int NULL DEFAULT NULL,
  PRIMARY KEY (`id`) USING BTREE
) ENGINE = MyISAM AUTO_INCREMENT = 55 CHARACTER SET = latin1 COLLATE = latin1_swedish_ci ROW_FORMAT = Fixed;

-- ----------------------------
-- Records of ms_maping_status_web
-- ----------------------------
INSERT INTO `ms_maping_status_web` VALUES (14, 5, 6);
INSERT INTO `ms_maping_status_web` VALUES (13, 5, 5);
INSERT INTO `ms_maping_status_web` VALUES (24, 6, 7);
INSERT INTO `ms_maping_status_web` VALUES (26, 8, 1);
INSERT INTO `ms_maping_status_web` VALUES (25, 7, 8);
INSERT INTO `ms_maping_status_web` VALUES (8, 4, 4);
INSERT INTO `ms_maping_status_web` VALUES (6, 3, 3);
INSERT INTO `ms_maping_status_web` VALUES (5, 2, 2);
INSERT INTO `ms_maping_status_web` VALUES (2, 1, 11);
INSERT INTO `ms_maping_status_web` VALUES (1, 1, 1);
INSERT INTO `ms_maping_status_web` VALUES (27, 3, 5);
INSERT INTO `ms_maping_status_web` VALUES (28, 3, 6);
INSERT INTO `ms_maping_status_web` VALUES (29, 3, 7);
INSERT INTO `ms_maping_status_web` VALUES (30, 3, 8);
INSERT INTO `ms_maping_status_web` VALUES (31, 3, 9);
INSERT INTO `ms_maping_status_web` VALUES (32, 3, 10);
INSERT INTO `ms_maping_status_web` VALUES (33, 3, 1);
INSERT INTO `ms_maping_status_web` VALUES (34, 3, 2);
INSERT INTO `ms_maping_status_web` VALUES (35, 1, 2);
INSERT INTO `ms_maping_status_web` VALUES (36, 1, 3);
INSERT INTO `ms_maping_status_web` VALUES (37, 1, 4);
INSERT INTO `ms_maping_status_web` VALUES (38, 1, 5);
INSERT INTO `ms_maping_status_web` VALUES (39, 1, 6);
INSERT INTO `ms_maping_status_web` VALUES (40, 1, 7);
INSERT INTO `ms_maping_status_web` VALUES (41, 1, 8);
INSERT INTO `ms_maping_status_web` VALUES (42, 1, 9);
INSERT INTO `ms_maping_status_web` VALUES (43, 1, 10);
INSERT INTO `ms_maping_status_web` VALUES (44, 0, 1);
INSERT INTO `ms_maping_status_web` VALUES (45, 0, 2);
INSERT INTO `ms_maping_status_web` VALUES (46, 0, 3);
INSERT INTO `ms_maping_status_web` VALUES (47, 0, 4);
INSERT INTO `ms_maping_status_web` VALUES (48, 0, 5);
INSERT INTO `ms_maping_status_web` VALUES (49, 0, 6);
INSERT INTO `ms_maping_status_web` VALUES (50, 0, 7);
INSERT INTO `ms_maping_status_web` VALUES (51, 0, 8);
INSERT INTO `ms_maping_status_web` VALUES (52, 0, 9);
INSERT INTO `ms_maping_status_web` VALUES (53, 0, 10);
INSERT INTO `ms_maping_status_web` VALUES (54, 0, 11);

-- ----------------------------
-- Table structure for ms_sp2d
-- ----------------------------
DROP TABLE IF EXISTS `ms_sp2d`;
CREATE TABLE `ms_sp2d`  (
  `sp2d_id` int NOT NULL,
  `desc` varchar(100) CHARACTER SET latin1 COLLATE latin1_swedish_ci NULL DEFAULT NULL,
  PRIMARY KEY (`sp2d_id`) USING BTREE
) ENGINE = InnoDB CHARACTER SET = latin1 COLLATE = latin1_swedish_ci ROW_FORMAT = Dynamic;

-- ----------------------------
-- Records of ms_sp2d
-- ----------------------------
INSERT INTO `ms_sp2d` VALUES (0, 'LS-GAJI');
INSERT INTO `ms_sp2d` VALUES (1, 'BL/UP');
INSERT INTO `ms_sp2d` VALUES (2, 'BL/GU');
INSERT INTO `ms_sp2d` VALUES (3, 'BL/TU');
INSERT INTO `ms_sp2d` VALUES (4, 'LS');
INSERT INTO `ms_sp2d` VALUES (5, ' LS-TPP');

-- ----------------------------
-- Table structure for ms_sp2d_log
-- ----------------------------
DROP TABLE IF EXISTS `ms_sp2d_log`;
CREATE TABLE `ms_sp2d_log`  (
  `id` int NOT NULL AUTO_INCREMENT,
  `sp2d_no` varchar(50) CHARACTER SET utf8mb4 COLLATE utf8mb4_general_ci NULL DEFAULT NULL,
  `sp2d_counter` varchar(50) CHARACTER SET utf8mb4 COLLATE utf8mb4_general_ci NULL DEFAULT NULL,
  `is_use` varchar(2) CHARACTER SET utf8mb4 COLLATE utf8mb4_general_ci NULL DEFAULT NULL,
  PRIMARY KEY (`id`) USING BTREE
) ENGINE = InnoDB AUTO_INCREMENT = 6 CHARACTER SET = utf8mb4 COLLATE = utf8mb4_general_ci ROW_FORMAT = Dynamic;

-- ----------------------------
-- Records of ms_sp2d_log
-- ----------------------------
INSERT INTO `ms_sp2d_log` VALUES (1, '931/00002/LS GAJI/2020', '00002', '1');
INSERT INTO `ms_sp2d_log` VALUES (2, '931/00003/GU/2020', '00003', '1');
INSERT INTO `ms_sp2d_log` VALUES (3, '931/00002/UP/2020', '00002', '1');
INSERT INTO `ms_sp2d_log` VALUES (4, '931/00004/LS GAJI/2020', '00004', '1');
INSERT INTO `ms_sp2d_log` VALUES (5, '931/00119/BL/UP/2021', '00119', '1');

-- ----------------------------
-- Table structure for ms_status
-- ----------------------------
DROP TABLE IF EXISTS `ms_status`;
CREATE TABLE `ms_status`  (
  `id` char(11) CHARACTER SET latin1 COLLATE latin1_swedish_ci NOT NULL,
  `description` varchar(100) CHARACTER SET latin1 COLLATE latin1_swedish_ci NULL DEFAULT NULL,
  PRIMARY KEY (`id`) USING BTREE
) ENGINE = InnoDB CHARACTER SET = latin1 COLLATE = latin1_swedish_ci ROW_FORMAT = Dynamic;

-- ----------------------------
-- Records of ms_status
-- ----------------------------
INSERT INTO `ms_status` VALUES ('1', 'Penerimaan Berkas');
INSERT INTO `ms_status` VALUES ('11', 'Reject Verifikasi Awal');
INSERT INTO `ms_status` VALUES ('12', 'Reject Kasda');
INSERT INTO `ms_status` VALUES ('13', 'Reject');
INSERT INTO `ms_status` VALUES ('2', 'Verifikasi Awal');
INSERT INTO `ms_status` VALUES ('3', 'Verifikasi Kasubid');
INSERT INTO `ms_status` VALUES ('4', 'Verifikasi Kabid');
INSERT INTO `ms_status` VALUES ('5', 'Cetak SP2D (kasubid)');
INSERT INTO `ms_status` VALUES ('6', 'Cetak SP2D (kabid)');
INSERT INTO `ms_status` VALUES ('7', 'SP2D');
INSERT INTO `ms_status` VALUES ('8', 'Proses Bank');
INSERT INTO `ms_status` VALUES ('9', 'Selesai');
INSERT INTO `ms_status` VALUES ('90', 'Delete');

-- ----------------------------
-- Table structure for running_text
-- ----------------------------
DROP TABLE IF EXISTS `running_text`;
CREATE TABLE `running_text`  (
  `id` int NOT NULL AUTO_INCREMENT,
  `message` text CHARACTER SET latin1 COLLATE latin1_swedish_ci NULL,
  `created_at` timestamp NULL DEFAULT NULL,
  `updated_at` timestamp NULL DEFAULT NULL ON UPDATE CURRENT_TIMESTAMP,
  PRIMARY KEY (`id`) USING BTREE
) ENGINE = InnoDB AUTO_INCREMENT = 3 CHARACTER SET = latin1 COLLATE = latin1_swedish_ci ROW_FORMAT = Dynamic;

-- ----------------------------
-- Records of running_text
-- ----------------------------
INSERT INTO `running_text` VALUES (1, 'KABUPATEN BANDUNG BARAT, JAWA BARAT 84.16F, Humid and Mostly Cloudy', '2019-10-08 20:09:05', '2020-11-24 14:14:11');

-- ----------------------------
-- Table structure for t_feature_menu
-- ----------------------------
DROP TABLE IF EXISTS `t_feature_menu`;
CREATE TABLE `t_feature_menu`  (
  `id_paket_menu` int NOT NULL AUTO_INCREMENT,
  `nama_menu` varchar(30) CHARACTER SET latin1 COLLATE latin1_swedish_ci NULL DEFAULT NULL,
  `icon` varchar(100) CHARACTER SET latin1 COLLATE latin1_swedish_ci NULL DEFAULT NULL,
  `description` varchar(200) CHARACTER SET latin1 COLLATE latin1_swedish_ci NULL DEFAULT NULL,
  `status` int NULL DEFAULT NULL,
  PRIMARY KEY (`id_paket_menu`) USING BTREE
) ENGINE = MyISAM AUTO_INCREMENT = 16 CHARACTER SET = latin1 COLLATE = latin1_swedish_ci ROW_FORMAT = Dynamic;

-- ----------------------------
-- Records of t_feature_menu
-- ----------------------------
INSERT INTO `t_feature_menu` VALUES (1, 'Dashboard', 'fa fa-fw fa-bar-chart-o', NULL, 1);
INSERT INTO `t_feature_menu` VALUES (2, 'Personalia\r\n', 'fa fa-fw fa-male\r\n\r\n', NULL, 1);
INSERT INTO `t_feature_menu` VALUES (3, 'Riwayat<br>Pegawai\r\n', 'fa fa-fw fa-briefcase\r\n\r\n', NULL, 1);
INSERT INTO `t_feature_menu` VALUES (4, 'Struktur<br>Organisasi\r\n', 'fa fa-fw fa-sitemap', NULL, 1);
INSERT INTO `t_feature_menu` VALUES (5, 'Rekrutasi<br>Pegawai\r\n', 'fa fa-fw fa-users\r\n\r\n', NULL, 1);
INSERT INTO `t_feature_menu` VALUES (6, 'Kehadiran\r\n', 'fa fa-fw fa-book', NULL, 1);
INSERT INTO `t_feature_menu` VALUES (7, 'Penggajian\r\n', 'fa fa-fw fa-money', NULL, 1);
INSERT INTO `t_feature_menu` VALUES (8, 'Pinjaman\r\n', 'fa fa-fw fa-credit-card\r\n\r\n', NULL, 1);
INSERT INTO `t_feature_menu` VALUES (9, 'Sakit & Izin\r\n', 'fa fa-fw fa-medkit\r\n\r\n', NULL, 1);
INSERT INTO `t_feature_menu` VALUES (10, 'Kelola Cuti\r\n', 'menu-icon fa fa-plane fa-md fa-fw\r\n', NULL, 1);
INSERT INTO `t_feature_menu` VALUES (11, 'Kelola BPJS\r\n', 'menu-icon fa fa-hospital-o fa-md fa-fw\r\n', NULL, 1);
INSERT INTO `t_feature_menu` VALUES (12, 'LMS\r\n', 'fa fa-fw fa-bell\r\n\r\n', NULL, 1);
INSERT INTO `t_feature_menu` VALUES (13, 'User<br>Management\r\n', 'menu-icon fa fa-wrench fa-fw\r\n', NULL, 1);
INSERT INTO `t_feature_menu` VALUES (14, 'Pengaturan\r\n', 'menu-icon fa fa-cogs fa-fw\r\n', NULL, 1);
INSERT INTO `t_feature_menu` VALUES (15, 'Report\r\n', 'fa fa-file-o\r\n\r\n', NULL, 1);

-- ----------------------------
-- Table structure for t_job_title
-- ----------------------------
DROP TABLE IF EXISTS `t_job_title`;
CREATE TABLE `t_job_title`  (
  `id_job_t` int NOT NULL AUTO_INCREMENT,
  `kode_job_t` varchar(50) CHARACTER SET latin1 COLLATE latin1_swedish_ci NOT NULL,
  `nama_job` varchar(50) CHARACTER SET latin1 COLLATE latin1_swedish_ci NOT NULL,
  `description` varchar(255) CHARACTER SET latin1 COLLATE latin1_swedish_ci NULL DEFAULT NULL,
  `status_job` int NOT NULL,
  PRIMARY KEY (`id_job_t`) USING BTREE
) ENGINE = InnoDB AUTO_INCREMENT = 11 CHARACTER SET = latin1 COLLATE = latin1_swedish_ci ROW_FORMAT = Dynamic;

-- ----------------------------
-- Records of t_job_title
-- ----------------------------
INSERT INTO `t_job_title` VALUES (1, '001', 'Manager', '', 1);
INSERT INTO `t_job_title` VALUES (10, '000', 'Admin', NULL, 1);

-- ----------------------------
-- Table structure for t_menu
-- ----------------------------
DROP TABLE IF EXISTS `t_menu`;
CREATE TABLE `t_menu`  (
  `id` int NOT NULL AUTO_INCREMENT,
  `parent` int NOT NULL,
  `nama_menu` varchar(50) CHARACTER SET latin1 COLLATE latin1_swedish_ci NOT NULL,
  `url` varchar(100) CHARACTER SET latin1 COLLATE latin1_swedish_ci NOT NULL,
  `status` int NOT NULL DEFAULT 0,
  `icon` varchar(50) CHARACTER SET latin1 COLLATE latin1_swedish_ci NULL DEFAULT NULL,
  `sequence` int NULL DEFAULT NULL,
  PRIMARY KEY (`id`) USING BTREE
) ENGINE = MyISAM AUTO_INCREMENT = 1005 CHARACTER SET = latin1 COLLATE = latin1_swedish_ci ROW_FORMAT = Dynamic;

-- ----------------------------
-- Records of t_menu
-- ----------------------------
INSERT INTO `t_menu` VALUES (1, 0, 'Dashboard', 'dashboard', 1, 'menu-icon ti-desktop', 0);
INSERT INTO `t_menu` VALUES (990, 0, 'Manajemen User', '#', 0, 'menu-icon fa fa-wrench fa-fw', 0);
INSERT INTO `t_menu` VALUES (65, 990, 'Users', 'auth', 0, '', 1);
INSERT INTO `t_menu` VALUES (66, 990, 'Permissions', 'menu/edit', 0, '', 2);
INSERT INTO `t_menu` VALUES (67, 990, 'Tambah Menu', 'menu/tambah', 0, '', 3);
INSERT INTO `t_menu` VALUES (920, 0, 'MRP', 'mrp', 1, 'menu-icon fa fa-fw ti-file', 1);
INSERT INTO `t_menu` VALUES (1000, 0, 'Purchase Order (PO)', 'po', 1, 'menu-icon fa fa-fw ti-file', 1);
INSERT INTO `t_menu` VALUES (1001, 0, 'Goods Receive (GR)', 'gr', 1, 'menu-icon fa fa-fw ti-file', 1);
INSERT INTO `t_menu` VALUES (1002, 920, 'Calculate', 'mrp/mrp_add', 1, 'menu-icon fa fa-fw ti-file', 1);
INSERT INTO `t_menu` VALUES (1003, 920, 'Recap', 'mrp/mrp_recap', 1, 'menu-icon fa fa-fw ti-file', 2);
INSERT INTO `t_menu` VALUES (1004, 920, 'Calculator', 'mrp/mrp_calc', 1, 'menu-icon fa fa-fw ti-file', 3);

-- ----------------------------
-- Table structure for t_menu_group
-- ----------------------------
DROP TABLE IF EXISTS `t_menu_group`;
CREATE TABLE `t_menu_group`  (
  `id` int NOT NULL AUTO_INCREMENT,
  `menu_id` int NOT NULL,
  `group_id` int NOT NULL,
  PRIMARY KEY (`id`) USING BTREE
) ENGINE = MyISAM AUTO_INCREMENT = 5899 CHARACTER SET = latin1 COLLATE = latin1_swedish_ci ROW_FORMAT = Fixed;

-- ----------------------------
-- Records of t_menu_group
-- ----------------------------
INSERT INTO `t_menu_group` VALUES (5888, 920, 8);
INSERT INTO `t_menu_group` VALUES (5887, 1, 8);
INSERT INTO `t_menu_group` VALUES (5878, 920, 2);
INSERT INTO `t_menu_group` VALUES (5877, 76, 2);
INSERT INTO `t_menu_group` VALUES (5876, 67, 2);
INSERT INTO `t_menu_group` VALUES (5875, 66, 2);
INSERT INTO `t_menu_group` VALUES (5874, 65, 2);
INSERT INTO `t_menu_group` VALUES (5873, 990, 2);
INSERT INTO `t_menu_group` VALUES (5871, 920, 3);
INSERT INTO `t_menu_group` VALUES (5872, 1, 2);
INSERT INTO `t_menu_group` VALUES (5870, 1, 3);
INSERT INTO `t_menu_group` VALUES (5894, 1000, 1);
INSERT INTO `t_menu_group` VALUES (5893, 920, 1);
INSERT INTO `t_menu_group` VALUES (5892, 66, 1);
INSERT INTO `t_menu_group` VALUES (5869, 920, 7);
INSERT INTO `t_menu_group` VALUES (5868, 1, 7);
INSERT INTO `t_menu_group` VALUES (5891, 65, 1);
INSERT INTO `t_menu_group` VALUES (5890, 990, 1);
INSERT INTO `t_menu_group` VALUES (5886, 920, 12);
INSERT INTO `t_menu_group` VALUES (5885, 1, 12);
INSERT INTO `t_menu_group` VALUES (5884, 920, 11);
INSERT INTO `t_menu_group` VALUES (5883, 1, 11);
INSERT INTO `t_menu_group` VALUES (5882, 920, 10);
INSERT INTO `t_menu_group` VALUES (5881, 1, 10);
INSERT INTO `t_menu_group` VALUES (5880, 920, 9);
INSERT INTO `t_menu_group` VALUES (5879, 1, 9);
INSERT INTO `t_menu_group` VALUES (5889, 1, 1);
INSERT INTO `t_menu_group` VALUES (5895, 1001, 1);
INSERT INTO `t_menu_group` VALUES (5896, 1002, 1);
INSERT INTO `t_menu_group` VALUES (5897, 1003, 1);
INSERT INTO `t_menu_group` VALUES (5898, 1004, 1);

-- ----------------------------
-- Table structure for t_referensi_data
-- ----------------------------
DROP TABLE IF EXISTS `t_referensi_data`;
CREATE TABLE `t_referensi_data`  (
  `id_referensi` int NOT NULL AUTO_INCREMENT,
  `kode_ref` varchar(50) CHARACTER SET latin1 COLLATE latin1_swedish_ci NULL DEFAULT NULL,
  `nama_ref` varchar(1000) CHARACTER SET latin1 COLLATE latin1_swedish_ci NULL DEFAULT NULL,
  `parent_code` varchar(50) CHARACTER SET latin1 COLLATE latin1_swedish_ci NULL DEFAULT NULL,
  `value` varchar(50) CHARACTER SET latin1 COLLATE latin1_swedish_ci NULL DEFAULT NULL,
  `status` varchar(35) CHARACTER SET latin1 COLLATE latin1_swedish_ci NULL DEFAULT NULL,
  PRIMARY KEY (`id_referensi`) USING BTREE
) ENGINE = InnoDB AUTO_INCREMENT = 106 CHARACTER SET = latin1 COLLATE = latin1_swedish_ci ROW_FORMAT = Dynamic;

-- ----------------------------
-- Records of t_referensi_data
-- ----------------------------
INSERT INTO `t_referensi_data` VALUES (1, '1', 'menerapkan perhitungan lembur', '0', '1', '1');
INSERT INTO `t_referensi_data` VALUES (2, '2', 'TIPE EVENT', '0', '0', '1');
INSERT INTO `t_referensi_data` VALUES (3, '1', 'HARI LIBUR NASIONAL', '2', NULL, '1');
INSERT INTO `t_referensi_data` VALUES (4, '2', 'CUTI BERSAMA', '2', NULL, '1');
INSERT INTO `t_referensi_data` VALUES (5, '3', 'EVENT NON LIBUR', '2', NULL, '1');
INSERT INTO `t_referensi_data` VALUES (6, '3', 'TIPE GAJI', '0', NULL, '1');
INSERT INTO `t_referensi_data` VALUES (7, '1', 'GAJI POKOK', '3', NULL, '1');
INSERT INTO `t_referensi_data` VALUES (8, '2', 'THR', '3', NULL, '1');
INSERT INTO `t_referensi_data` VALUES (9, '3', 'UANG LEMBUR', '3', '0', '1');
INSERT INTO `t_referensi_data` VALUES (10, '4', 'TERGANTUNG KEHADIRAN', '3', NULL, '1');
INSERT INTO `t_referensi_data` VALUES (11, '5', 'JUMLAH TETAP', '3', NULL, '1');
INSERT INTO `t_referensi_data` VALUES (12, '6', 'TERGANTUNG OUTPUT', '3', NULL, '1');
INSERT INTO `t_referensi_data` VALUES (13, '7', 'MANUAL', '3', NULL, '1');
INSERT INTO `t_referensi_data` VALUES (14, '4', 'GAJI_LTHR', '0', NULL, '1');
INSERT INTO `t_referensi_data` VALUES (15, '1', 'PERUSAHAAN MENERAPKAN HITUNGAN LEMBUR', '4', '1', '1');
INSERT INTO `t_referensi_data` VALUES (16, '2', 'FORMULASI LEMBUR', '4', '22', '1');
INSERT INTO `t_referensi_data` VALUES (17, '3', 'MINIMAL DAPAT THR', '4', '1', '1');
INSERT INTO `t_referensi_data` VALUES (18, '4', 'BESARAN THR', '4', '27', '1');
INSERT INTO `t_referensi_data` VALUES (19, '5', 'THR MASA KERJA DIBAWAH 1 THN', '4', '29', '1');
INSERT INTO `t_referensi_data` VALUES (20, '6', 'HITUNG GAJI BERUBAH KARIR', '4', '32', '1');
INSERT INTO `t_referensi_data` VALUES (21, '5', 'FORMULASI LEMBUR', '0', NULL, '1');
INSERT INTO `t_referensi_data` VALUES (22, '1', 'GAJI POKOK / 173', '5', NULL, '1');
INSERT INTO `t_referensi_data` VALUES (23, '2', 'GAJI POKOK + TUNJANGAN TETAP / 173', '5', NULL, '1');
INSERT INTO `t_referensi_data` VALUES (24, '3', 'NOMINAL JUMLAH RUPIAH PER JAM', '5', '35000', '1');
INSERT INTO `t_referensi_data` VALUES (25, '6', 'RUMUS THR', '0', NULL, '1');
INSERT INTO `t_referensi_data` VALUES (26, '1', 'GAJI POKOK', '6', '1', '1');
INSERT INTO `t_referensi_data` VALUES (27, '2', 'GAJI POKOK + TUNJANGAN TETAP', '6', '1', '1');
INSERT INTO `t_referensi_data` VALUES (28, '7', 'RUMUS THR DIBAWAH 1 THN', '0', NULL, '1');
INSERT INTO `t_referensi_data` VALUES (29, '1', 'BERDASARKAN JUMLAH HARI KALENDER: ANTARA TANGGAL IA MULAI BEKERJA HINGGA TANGGAL PEMBUATAN THR DIBAGI 365 HARI', '7', NULL, '1');
INSERT INTO `t_referensi_data` VALUES (30, '2', 'BERDASARKAN JUMLAH BULAN: ANTARA BULAN IA MULAI BEKERJA DENGAN BULAN PEMBUATAN THR PERTAMA, DIBAGI 12 (PEMBULATAN KE BAWAH)', '7', NULL, '1');
INSERT INTO `t_referensi_data` VALUES (31, '8', 'RUMUS GAJI BERUBAH KARIR', '0', NULL, '1');
INSERT INTO `t_referensi_data` VALUES (32, '1', 'PROPORSIONAL. MENGGABUNGKAN PERHITUNGAN PRO RATA GAJI LAMA DAN GAJI BARU', '8', NULL, '1');
INSERT INTO `t_referensi_data` VALUES (33, '2', 'Hanya nilai gaji baru saja yang berlaku', '8', NULL, '1');
INSERT INTO `t_referensi_data` VALUES (34, '9', 'JENIS ITEM PENGGAJIAN', '0', NULL, '1');
INSERT INTO `t_referensi_data` VALUES (35, '1', 'KOMPONEN PENDAPATAN', '9', NULL, '1');
INSERT INTO `t_referensi_data` VALUES (36, '2', 'KOMPONEN POTONGAN', '9', NULL, '1');
INSERT INTO `t_referensi_data` VALUES (37, '10', 'PERIODE SLIP GAJI', '0', NULL, '1');
INSERT INTO `t_referensi_data` VALUES (38, '1', 'TETAP (GAJI BULANAN, MINGGUAN, N HARIAN)', '10', NULL, '1');
INSERT INTO `t_referensi_data` VALUES (39, '2', 'TIDAK TETAP (THR ATAU BONUS LEBIH DARI 31 HARI)', '10', NULL, '1');
INSERT INTO `t_referensi_data` VALUES (46, '11', 'PERIODE CUTI', '0', '2019-02-08', '1');
INSERT INTO `t_referensi_data` VALUES (47, '1', 'PERIODE INDIVIDU (BERDASARKAN TANGGAL MASUK TIAP PERSONALIA)', '11', '25-01', '1');
INSERT INTO `t_referensi_data` VALUES (48, '2', 'PERIODE BERSAMA YANG DIPERBAHARUI SETIAP TANGGAL', '11', '12-12', '1');
INSERT INTO `t_referensi_data` VALUES (49, '12', 'JENIS CUTI', '0', NULL, '1');
INSERT INTO `t_referensi_data` VALUES (50, '1', 'CUTI MENIKAH', '12', '3', '1');
INSERT INTO `t_referensi_data` VALUES (52, '3', 'CUTI MENGKHITANKAN ANAK', '12', '2', '1');
INSERT INTO `t_referensi_data` VALUES (53, '4', 'CUTI MELAHIRKAN', '12', '92', '1');
INSERT INTO `t_referensi_data` VALUES (54, '5', 'CUTI ISTRI MELAHIRKAN', '12', '2', '1');
INSERT INTO `t_referensi_data` VALUES (55, '6', 'CUTI ANAK SAKIT', '12', '2', '1');
INSERT INTO `t_referensi_data` VALUES (56, '7', 'CUTI DUKA', '12', '2', '1');
INSERT INTO `t_referensi_data` VALUES (57, '13', 'JENIS KARYAWAN', '0', NULL, '1');
INSERT INTO `t_referensi_data` VALUES (58, '1', 'KARYAWAN TETAP PERCOBAAN', '13', NULL, '1');
INSERT INTO `t_referensi_data` VALUES (59, '2', 'KARYAWAN TETAP PERMANEN', '13', NULL, '1');
INSERT INTO `t_referensi_data` VALUES (60, '3', 'KARYAWAN PKWT', '13', NULL, '1');
INSERT INTO `t_referensi_data` VALUES (61, '4', 'KARYAWAN LEPAS', '13', NULL, '1');
INSERT INTO `t_referensi_data` VALUES (62, '14', 'METODE HITUNG PPH 21', '0', NULL, '1');
INSERT INTO `t_referensi_data` VALUES (63, '1', 'GROSS UP METHOD', '14', NULL, '1');
INSERT INTO `t_referensi_data` VALUES (64, '2', 'GROSS METHOD', '14', NULL, '1');
INSERT INTO `t_referensi_data` VALUES (65, '3', 'NET METHOD', '14', NULL, '1');
INSERT INTO `t_referensi_data` VALUES (66, '15', '65', '0', '1', '1');
INSERT INTO `t_referensi_data` VALUES (67, '16', 'INFORMASI PTKP', '0', NULL, '1');
INSERT INTO `t_referensi_data` VALUES (68, '1', 'NILAI PTKP DIRI WAJIB PAJAK ORANG PRIBADI', '16', '54000000', '1');
INSERT INTO `t_referensi_data` VALUES (69, '2', 'PTKP ISTRI/MASING-MASING TANGGUNGAN', '16', '4500000', '1');
INSERT INTO `t_referensi_data` VALUES (70, '17', 'SETTING BPJS', '0', NULL, '1');
INSERT INTO `t_referensi_data` VALUES (71, '1', 'PERUSAHAAN MENERAPKAN BPJS KETENAGAKERJAAN?', '17', '1', '1');
INSERT INTO `t_referensi_data` VALUES (72, '2', 'PERUSAHAAN MENERAPKAN BPJS KESEHATAN?', '17', '0', '1');
INSERT INTO `t_referensi_data` VALUES (73, '3', 'KODE BADAN USAHA', '17', NULL, '1');
INSERT INTO `t_referensi_data` VALUES (74, '4', 'PERSENTASE TANGGUNGAN PERUSAHAAN', '17', NULL, '1');
INSERT INTO `t_referensi_data` VALUES (75, '5', 'PERSENTASE TANGGUNGAN PERSONALIA', '17', NULL, '1');
INSERT INTO `t_referensi_data` VALUES (76, '6', 'BASIS PENGALI', '17', 'GAJI POKOK + TUNJANGAN', '1');
INSERT INTO `t_referensi_data` VALUES (77, '7', 'PERATURAN INI MULAI BERLAKU', '17', '2017-12-12', '1');
INSERT INTO `t_referensi_data` VALUES (78, '18', 'JENIS HARI', '0', NULL, '1');
INSERT INTO `t_referensi_data` VALUES (79, '1', 'HARI LIBUR', '18', NULL, '1');
INSERT INTO `t_referensi_data` VALUES (80, '2', 'HARI KERJA', '18', NULL, '1');
INSERT INTO `t_referensi_data` VALUES (81, '19', 'JENIS KELAMIN', '0', NULL, '1');
INSERT INTO `t_referensi_data` VALUES (82, '1', 'PRIA', '19', '1', '1');
INSERT INTO `t_referensi_data` VALUES (83, '2', 'WANITA', '19', '2', '1');
INSERT INTO `t_referensi_data` VALUES (84, '20', 'STATUS KAWIN', '0', NULL, '1');
INSERT INTO `t_referensi_data` VALUES (85, '1', 'LAJANG', '20', '1', '1');
INSERT INTO `t_referensi_data` VALUES (86, '2', 'NIKAH', '20', '2', '1');
INSERT INTO `t_referensi_data` VALUES (87, '3', 'DUDA', '20', '3', '1');
INSERT INTO `t_referensi_data` VALUES (88, '4', 'JANDA', '20', '4', '1');
INSERT INTO `t_referensi_data` VALUES (89, '21', 'JENIS ABSENSI', '0', '0', '1');
INSERT INTO `t_referensi_data` VALUES (90, '1', 'SAKIT', '21', NULL, '1');
INSERT INTO `t_referensi_data` VALUES (91, '2', 'SPJ (Surat Perjalan Dinas)', '21', NULL, '1');
INSERT INTO `t_referensi_data` VALUES (92, '3', 'CUTI', '21', NULL, '1');
INSERT INTO `t_referensi_data` VALUES (93, '4', 'NORMAL', '21', NULL, '1');
INSERT INTO `t_referensi_data` VALUES (94, '1', 'BUTUH RESPON', '22', NULL, '1');
INSERT INTO `t_referensi_data` VALUES (95, '2', 'DISETUJUI', '22', NULL, '1');
INSERT INTO `t_referensi_data` VALUES (96, '5', 'IJIN', '21', NULL, '1');
INSERT INTO `t_referensi_data` VALUES (97, '6', 'ALFA', '21', '50000', NULL);
INSERT INTO `t_referensi_data` VALUES (98, '23', 'JENIS JATAH ATTENDANCE', '0', '0', '1');
INSERT INTO `t_referensi_data` VALUES (99, '1', 'BATAS TERLAMBAT PER BULAN', '23', '400', '1');
INSERT INTO `t_referensi_data` VALUES (100, '2', 'JATAH CUTI', '23', '12', '1');
INSERT INTO `t_referensi_data` VALUES (101, '3', 'BATAS WAKTU IZIN SEHARI', '23', '240', '1');
INSERT INTO `t_referensi_data` VALUES (102, '24', 'Pajak', '0', '0', '1');
INSERT INTO `t_referensi_data` VALUES (103, '1', 'Apakah Perusahaan anda menerapkap pajak PPh 21?', '24', '1', '1');
INSERT INTO `t_referensi_data` VALUES (104, '111', 'MAX TOTAL CUTI TAHUNAN YANG DIIJINKAN PERUSAHAAN', '0', '12', '1');
INSERT INTO `t_referensi_data` VALUES (105, '112', 'CARRY FORWARD CUTI', '0', '9-09', '1');

-- ----------------------------
-- Table structure for users
-- ----------------------------
DROP TABLE IF EXISTS `users`;
CREATE TABLE `users`  (
  `id` int UNSIGNED NOT NULL AUTO_INCREMENT,
  `id_job` int NOT NULL,
  `id_dept` int NULL DEFAULT NULL,
  `username` varchar(100) CHARACTER SET utf8 COLLATE utf8_general_ci NULL DEFAULT NULL,
  `password` varchar(255) CHARACTER SET utf8 COLLATE utf8_general_ci NOT NULL,
  `salt` varchar(255) CHARACTER SET utf8 COLLATE utf8_general_ci NULL DEFAULT NULL,
  `email` varchar(254) CHARACTER SET utf8 COLLATE utf8_general_ci NOT NULL,
  `activation_code` varchar(40) CHARACTER SET utf8 COLLATE utf8_general_ci NULL DEFAULT NULL,
  `forgotten_password_code` varchar(40) CHARACTER SET utf8 COLLATE utf8_general_ci NULL DEFAULT NULL,
  `forgotten_password_time` int UNSIGNED NULL DEFAULT NULL,
  `remember_code` varchar(40) CHARACTER SET utf8 COLLATE utf8_general_ci NULL DEFAULT NULL,
  `created_on` int UNSIGNED NOT NULL,
  `last_login` int UNSIGNED NULL DEFAULT NULL,
  `active` tinyint(1) UNSIGNED NULL DEFAULT NULL,
  `first_name` varchar(50) CHARACTER SET utf8 COLLATE utf8_general_ci NULL DEFAULT NULL,
  `last_name` varchar(50) CHARACTER SET utf8 COLLATE utf8_general_ci NULL DEFAULT NULL,
  `company` varchar(100) CHARACTER SET utf8 COLLATE utf8_general_ci NULL DEFAULT NULL,
  `phone` varchar(20) CHARACTER SET utf8 COLLATE utf8_general_ci NULL DEFAULT NULL,
  `foto` varchar(200) CHARACTER SET utf8 COLLATE utf8_general_ci NULL DEFAULT NULL,
  `nik` varchar(100) CHARACTER SET utf8 COLLATE utf8_general_ci NULL DEFAULT NULL,
  `name` varchar(255) CHARACTER SET utf8 COLLATE utf8_general_ci NULL DEFAULT NULL,
  `updated_at` timestamp NULL DEFAULT NULL,
  `created_at` timestamp NULL DEFAULT NULL,
  `firebase_token` varchar(255) CHARACTER SET utf8mb4 COLLATE utf8mb4_unicode_ci NULL DEFAULT NULL,
  `api_token` varchar(100) CHARACTER SET utf8mb4 COLLATE utf8mb4_unicode_ci NULL DEFAULT NULL,
  PRIMARY KEY (`id`) USING BTREE
) ENGINE = InnoDB AUTO_INCREMENT = 65 CHARACTER SET = utf8 COLLATE = utf8_general_ci ROW_FORMAT = Dynamic;

-- ----------------------------
-- Records of users
-- ----------------------------
INSERT INTO `users` VALUES (1, 1, NULL, 'manager', '$2y$10$xbJ6rMInUIDO8SB7Zm41BeRiG52X3jz/n0U/KfAZPU3zt4aeiooTi', NULL, 'staff@user.com', NULL, 'XArGyd.zVtRckcepr-Zd8Oe3ceb6f68475916d8e', 1534390618, 'JCob0/Uo31UObEb5qd//.O', 1268889823, 1629865044, 1, 'Staff Penerimaan 1', '', 'ADMIN', '081809222212', NULL, NULL, 'Manager', '2021-03-16 23:29:44', NULL, 'fH4D6rQoSr6ZWlUEs9qy86:APA91bFzGQSmjxnCuL2M7ti2Slt5pyvvZDK-aPyFPnayMvSx7ybd2tw_ETuNmiotG27LyeBQ5CXfHKjxENPiovb32EbGi8V21epJpPzh-D0ZVwZoHQsZb_qT0WGA8_FxtAiVeUC09_Yr', '9hLuIQCiJUReCjQAxHeRMdItcdg20Wt2zlM3cXDsXGP5DianR2RB9opypcxp');
INSERT INTO `users` VALUES (62, 0, NULL, 'admin', '$2y$08$gpqwv/hMX4OvyV1QLsqDH.kjWGLV5oW.4gcV9XqxSHMLGkbchn0pS', NULL, 'admin@user.com', NULL, NULL, NULL, 'MTbCBZMJWHv8bq1YnOVmNO', 1598734329, 1630201404, 1, NULL, NULL, NULL, '085641231', NULL, NULL, 'Administrator', '2021-03-16 23:29:32', NULL, NULL, 'OZpfVMZJp6hm0eTwTJsNmbBDxVXIsaIFzwzq8Bt6vGdfSofP3ouNStdAS2ts');

-- ----------------------------
-- Table structure for users_groups
-- ----------------------------
DROP TABLE IF EXISTS `users_groups`;
CREATE TABLE `users_groups`  (
  `id` int UNSIGNED NOT NULL AUTO_INCREMENT,
  `user_id` int UNSIGNED NOT NULL,
  `group_id` mediumint UNSIGNED NOT NULL,
  PRIMARY KEY (`id`) USING BTREE,
  UNIQUE INDEX `uc_users_groups`(`user_id`, `group_id`) USING BTREE,
  INDEX `fk_users_groups_users1_idx`(`user_id`) USING BTREE,
  INDEX `fk_users_groups_groups1_idx`(`group_id`) USING BTREE,
  CONSTRAINT `fk_users_groups_groups1` FOREIGN KEY (`group_id`) REFERENCES `groups` (`id`) ON DELETE CASCADE ON UPDATE NO ACTION,
  CONSTRAINT `fk_users_groups_users1` FOREIGN KEY (`user_id`) REFERENCES `users` (`id`) ON DELETE CASCADE ON UPDATE NO ACTION
) ENGINE = InnoDB AUTO_INCREMENT = 55 CHARACTER SET = utf8 COLLATE = utf8_general_ci ROW_FORMAT = Dynamic;

-- ----------------------------
-- Records of users_groups
-- ----------------------------
INSERT INTO `users_groups` VALUES (41, 1, 1);
INSERT INTO `users_groups` VALUES (42, 62, 1);

SET FOREIGN_KEY_CHECKS = 1;
